state,year,month,average_precipitation
Illinois,2000,1,1.53
Illinois,2000,2,2.53
Illinois,2000,3,2.03
Illinois,2000,4,2.99
Illinois,2000,5,4.4
Illinois,2000,6,7.34
Illinois,2000,7,4.36
Illinois,2000,8,3.56
Illinois,2000,9,3.81
Illinois,2000,10,2.1
Illinois,2000,11,3.18
Illinois,2000,12,1.94
Illinois,2001,1,1.72
Illinois,2001,2,3.19
Illinois,2001,3,1.22
Illinois,2001,4,2.84
Illinois,2001,5,4.35
Illinois,2001,6,3.81
Illinois,2001,7,3.78
Illinois,2001,8,4.07
Illinois,2001,9,3.37
Illinois,2001,10,6.08
Illinois,2001,11,2.62
Illinois,2001,12,2.6
Illinois,2002,1,2.22
Illinois,2002,2,1.83
Illinois,2002,3,3.36
Illinois,2002,4,5.11
Illinois,2002,5,7.34
Illinois,2002,6,4.02
Illinois,2002,7,2.6
Illinois,2002,8,4.19
Illinois,2002,9,2.11
Illinois,2002,10,3.07
Illinois,2002,11,1.04
Illinois,2002,12,2.17
Illinois,2003,1,0.65
Illinois,2003,2,1.83
Illinois,2003,3,1.98
Illinois,2003,4,3.18
Illinois,2003,5,5.5
Illinois,2003,6,3.79
Illinois,2003,7,5
Illinois,2003,8,2.55
Illinois,2003,9,4.25
Illinois,2003,10,1.98
Illinois,2003,11,4.51
Illinois,2003,12,2.56
Illinois,2004,1,1.98
Illinois,2004,2,0.76
Illinois,2004,3,4.14
Illinois,2004,4,1.8
Illinois,2004,5,6.83
Illinois,2004,6,3.17
Illinois,2004,7,4.13
Illinois,2004,8,5.08
Illinois,2004,9,0.68
Illinois,2004,10,4.84
Illinois,2004,11,4.76
Illinois,2004,12,1.8
Illinois,2005,1,5.34
Illinois,2005,2,1.88
Illinois,2005,3,1.56
Illinois,2005,4,2.57
Illinois,2005,5,1.74
Illinois,2005,6,1.87
Illinois,2005,7,3.23
Illinois,2005,8,3.68
Illinois,2005,9,3.63
Illinois,2005,10,1.26
Illinois,2005,11,3.51
Illinois,2005,12,1.16
Illinois,2006,1,2.74
Illinois,2006,2,0.88
Illinois,2006,3,4.58
Illinois,2006,4,3.79
Illinois,2006,5,3.58
Illinois,2006,6,2.98
Illinois,2006,7,4.09
Illinois,2006,8,4.05
Illinois,2006,9,3.43
Illinois,2006,10,3.8
Illinois,2006,11,3.32
Illinois,2006,12,3.4
Illinois,2007,1,2.93
Illinois,2007,2,2.31
Illinois,2007,3,3.21
Illinois,2007,4,3.52
Illinois,2007,5,2.24
Illinois,2007,6,4.13
Illinois,2007,7,3.31
Illinois,2007,8,4.36
Illinois,2007,9,1.59
Illinois,2007,10,3.5
Illinois,2007,11,1.72
Illinois,2007,12,3.87
Illinois,2008,1,2.43
Illinois,2008,2,4.4
Illinois,2008,3,4.53
Illinois,2008,4,4.34
Illinois,2008,5,5.36
Illinois,2008,6,5.49
Illinois,2008,7,5.91
Illinois,2008,8,1.93
Illinois,2008,9,7.62
Illinois,2008,10,2.42
Illinois,2008,11,1.49
Illinois,2008,12,4.25
Illinois,2009,1,1.01
Illinois,2009,2,2.43
Illinois,2009,3,4.05
Illinois,2009,4,6.16
Illinois,2009,5,5.65
Illinois,2009,6,5.12
Illinois,2009,7,4.59
Illinois,2009,8,4.72
Illinois,2009,9,2.28
Illinois,2009,10,8.49
Illinois,2009,11,2.48
Illinois,2009,12,3.98
Illinois,2010,1,1.44
Illinois,2010,2,1.53
Illinois,2010,3,2.74
Illinois,2010,4,3.36
Illinois,2010,5,5.4
Illinois,2010,6,7.71
Illinois,2010,7,5.35
Illinois,2010,8,3.18
Illinois,2010,9,3.73
Illinois,2010,10,1.32
Illinois,2010,11,3.15
Illinois,2010,12,1.77
Illinois,2011,1,1.19
Illinois,2011,2,3.24
Illinois,2011,3,2.72
Illinois,2011,4,7.62
Illinois,2011,5,5.28
Illinois,2011,6,6.69
Illinois,2011,7,3.61
Illinois,2011,8,1.87
Illinois,2011,9,3.56
Illinois,2011,10,1.8
Illinois,2011,11,5.17
Illinois,2011,12,3.35
Illinois,2012,1,1.89
Illinois,2012,2,1.48
Illinois,2012,3,2.08
Illinois,2012,4,3.13
Illinois,2012,5,2.47
Illinois,2012,6,1.73
Illinois,2012,7,1.4
Illinois,2012,8,3.5
Illinois,2012,9,5.04
Illinois,2012,10,3.93
Illinois,2012,11,1.21
Illinois,2012,12,2.25
Illinois,2013,1,3.81
Illinois,2013,2,2.65
Illinois,2013,3,2.61
Illinois,2013,4,6.93
Illinois,2013,5,6.57
Illinois,2013,6,5.33
Illinois,2013,7,3.16
Illinois,2013,8,1.44
Illinois,2013,9,1.69
Illinois,2013,10,3.33
Illinois,2013,11,2.49
Illinois,2013,12,2.48
Illinois,2014,1,1.72
Illinois,2014,2,2.22
Illinois,2014,3,1.46
Illinois,2014,4,5.15
Illinois,2014,5,3.29
Illinois,2014,6,6.77
Illinois,2014,7,3.29
Illinois,2014,8,5.19
Illinois,2014,9,4.11
Illinois,2014,10,4.33
Illinois,2014,11,1.86
Illinois,2014,12,1.9
Illinois,2015,1,1.5
Illinois,2015,2,1.43
Illinois,2015,3,2.35
Illinois,2015,4,3.41
Illinois,2015,5,5.39
Illinois,2015,6,9.44
Illinois,2015,7,5.21
Illinois,2015,8,3.02
Illinois,2015,9,3.42
Illinois,2015,10,1.44
Illinois,2015,11,5.52
Illinois,2015,12,6.67
Illinois,2016,1,0.86
Illinois,2016,2,1.31
Illinois,2016,3,3.35
Illinois,2016,4,3.3
Illinois,2016,5,4.34
Illinois,2016,6,3.13
Illinois,2016,7,6.9
Illinois,2016,8,6.77
Illinois,2016,9,3.42
Illinois,2016,10,2.38
Illinois,2016,11,2.59
Illinois,2016,12,1.4
Illinois,2017,1,2.13
Illinois,2017,2,0.73
Illinois,2017,3,3.56
Illinois,2017,4,6.88
Illinois,2017,5,5.17
Illinois,2017,6,3.19
Illinois,2017,7,4.81
Illinois,2017,8,2.4
Illinois,2017,9,0.83
Illinois,2017,10,5
Illinois,2017,11,2.26
Illinois,2017,12,0.84
Illinois,2018,1,1.3
Illinois,2018,2,4.88
Illinois,2018,3,3.91
Illinois,2018,4,2.42
Illinois,2018,5,3.8
Illinois,2018,6,6.29
Illinois,2018,7,3.44
Illinois,2018,8,4.91
Illinois,2018,9,4.9
Illinois,2018,10,3.68
Illinois,2018,11,3.01
Illinois,2018,12,3.25
Illinois,2019,1,3.31
Illinois,2019,2,3.21
Illinois,2019,3,4.06
Illinois,2019,4,4.58
Illinois,2019,5,8.16
Illinois,2019,6,5.16
Illinois,2019,7,3.05
Illinois,2019,8,4.05
Illinois,2019,9,5
Illinois,2019,10,5.01
Illinois,2019,11,2.4
Illinois,2019,12,1.88
Illinois,2020,1,4.37
Iowa,2000,1,0.73
Iowa,2000,2,1.37
Iowa,2000,3,1
Iowa,2000,4,2.03
Iowa,2000,5,3.6
Iowa,2000,6,6.56
Iowa,2000,7,4.09
Iowa,2000,8,2.62
Iowa,2000,9,2.11
Iowa,2000,10,1.8
Iowa,2000,11,2.15
Iowa,2000,12,1.67
Iowa,2001,1,1.42
Iowa,2001,2,2.16
Iowa,2001,3,1.3
Iowa,2001,4,3.6
Iowa,2001,5,7.04
Iowa,2001,6,4.07
Iowa,2001,7,3.12
Iowa,2001,8,2.97
Iowa,2001,9,4.07
Iowa,2001,10,2.46
Iowa,2001,11,1.55
Iowa,2001,12,0.83
Iowa,2002,1,0.4
Iowa,2002,2,0.89
Iowa,2002,3,1.16
Iowa,2002,4,3.62
Iowa,2002,5,4.1
Iowa,2002,6,3.51
Iowa,2002,7,4.24
Iowa,2002,8,5.81
Iowa,2002,9,1.71
Iowa,2002,10,3.58
Iowa,2002,11,0.22
Iowa,2002,12,0.24
Iowa,2003,1,0.39
Iowa,2003,2,0.82
Iowa,2003,3,1.15
Iowa,2003,4,3.25
Iowa,2003,5,4.61
Iowa,2003,6,4.48
Iowa,2003,7,4.11
Iowa,2003,8,1.03
Iowa,2003,9,3.11
Iowa,2003,10,1
Iowa,2003,11,3.46
Iowa,2003,12,1.28
Iowa,2004,1,0.96
Iowa,2004,2,1.17
Iowa,2004,3,3.75
Iowa,2004,4,1.85
Iowa,2004,5,7.74
Iowa,2004,6,3.55
Iowa,2004,7,4.33
Iowa,2004,8,4.56
Iowa,2004,9,2.66
Iowa,2004,10,2.05
Iowa,2004,11,2.21
Iowa,2004,12,0.58
Iowa,2005,1,1.31
Iowa,2005,2,1.52
Iowa,2005,3,1.05
Iowa,2005,4,3.45
Iowa,2005,5,3.85
Iowa,2005,6,5.25
Iowa,2005,7,3.27
Iowa,2005,8,3.02
Iowa,2005,9,3.29
Iowa,2005,10,0.91
Iowa,2005,11,1.75
Iowa,2005,12,1.17
Iowa,2006,1,0.99
Iowa,2006,2,0.32
Iowa,2006,3,3.17
Iowa,2006,4,4.3
Iowa,2006,5,2.44
Iowa,2006,6,2.49
Iowa,2006,7,3.22
Iowa,2006,8,5.75
Iowa,2006,9,4.22
Iowa,2006,10,1.64
Iowa,2006,11,1.77
Iowa,2006,12,2.09
Iowa,2007,1,0.91
Iowa,2007,2,1.68
Iowa,2007,3,2.86
Iowa,2007,4,4.57
Iowa,2007,5,5.35
Iowa,2007,6,3.38
Iowa,2007,7,3.38
Iowa,2007,8,9.69
Iowa,2007,9,2.87
Iowa,2007,10,5.1
Iowa,2007,11,0.18
Iowa,2007,12,2.44
Iowa,2008,1,0.68
Iowa,2008,2,1.71
Iowa,2008,3,1.26
Iowa,2008,4,5.86
Iowa,2008,5,5.67
Iowa,2008,6,8.88
Iowa,2008,7,5.88
Iowa,2008,8,1.96
Iowa,2008,9,4.16
Iowa,2008,10,3.26
Iowa,2008,11,1.72
Iowa,2008,12,1.88
Iowa,2009,1,0.68
Iowa,2009,2,0.79
Iowa,2009,3,2.97
Iowa,2009,4,3.6
Iowa,2009,5,3.64
Iowa,2009,6,5.29
Iowa,2009,7,4.62
Iowa,2009,8,5.75
Iowa,2009,9,1.73
Iowa,2009,10,6.35
Iowa,2009,11,1.19
Iowa,2009,12,2.54
Iowa,2010,1,1.3
Iowa,2010,2,0.96
Iowa,2010,3,1.72
Iowa,2010,4,3.7
Iowa,2010,5,4.19
Iowa,2010,6,10.28
Iowa,2010,7,7.89
Iowa,2010,8,4.83
Iowa,2010,9,5.4
Iowa,2010,10,0.91
Iowa,2010,11,1.64
Iowa,2010,12,1.23
Iowa,2011,1,0.94
Iowa,2011,2,1.39
Iowa,2011,3,1.5
Iowa,2011,4,3.81
Iowa,2011,5,5
Iowa,2011,6,6.19
Iowa,2011,7,3.4
Iowa,2011,8,3.02
Iowa,2011,9,1.68
Iowa,2011,10,0.74
Iowa,2011,11,2.08
Iowa,2011,12,2.08
Iowa,2012,1,0.57
Iowa,2012,2,1.68
Iowa,2012,3,1.91
Iowa,2012,4,3.9
Iowa,2012,5,3.51
Iowa,2012,6,2.81
Iowa,2012,7,1.17
Iowa,2012,8,2.88
Iowa,2012,9,1.62
Iowa,2012,10,2.98
Iowa,2012,11,1.05
Iowa,2012,12,1.53
Iowa,2013,1,0.95
Iowa,2013,2,1.27
Iowa,2013,3,2.09
Iowa,2013,4,6.43
Iowa,2013,5,8.65
Iowa,2013,6,4.89
Iowa,2013,7,1.74
Iowa,2013,8,1.49
Iowa,2013,9,1.94
Iowa,2013,10,2.78
Iowa,2013,11,1.59
Iowa,2013,12,0.62
Iowa,2014,1,0.43
Iowa,2014,2,1.5
Iowa,2014,3,0.81
Iowa,2014,4,4.65
Iowa,2014,5,3.04
Iowa,2014,6,9.66
Iowa,2014,7,3.3
Iowa,2014,8,5.92
Iowa,2014,9,4.35
Iowa,2014,10,3.17
Iowa,2014,11,0.76
Iowa,2014,12,1.1
Iowa,2015,1,0.52
Iowa,2015,2,1.11
Iowa,2015,3,0.56
Iowa,2015,4,3.37
Iowa,2015,5,5.06
Iowa,2015,6,6.38
Iowa,2015,7,5.51
Iowa,2015,8,5.29
Iowa,2015,9,4.18
Iowa,2015,10,1.76
Iowa,2015,11,4.08
Iowa,2015,12,4.71
Iowa,2016,1,0.59
Iowa,2016,2,0.88
Iowa,2016,3,2.28
Iowa,2016,4,3.19
Iowa,2016,5,4.36
Iowa,2016,6,3.7
Iowa,2016,7,5.92
Iowa,2016,8,6.14
Iowa,2016,9,6.12
Iowa,2016,10,2.01
Iowa,2016,11,1.39
Iowa,2016,12,1.52
Iowa,2017,1,1.56
Iowa,2017,2,0.99
Iowa,2017,3,2.57
Iowa,2017,4,3.8
Iowa,2017,5,4.8
Iowa,2017,6,3.5
Iowa,2017,7,2.94
Iowa,2017,8,3.83
Iowa,2017,9,2.31
Iowa,2017,10,5.26
Iowa,2017,11,0.41
Iowa,2017,12,0.39
Iowa,2018,1,1.02
Iowa,2018,2,1.54
Iowa,2018,3,2.28
Iowa,2018,4,1.54
Iowa,2018,5,4.7
Iowa,2018,6,7.55
Iowa,2018,7,3.39
Iowa,2018,8,6.42
Iowa,2018,9,8.1
Iowa,2018,10,4.63
Iowa,2018,11,1.81
Iowa,2018,12,2.1
Iowa,2019,1,1.28
Iowa,2019,2,2.34
Iowa,2019,3,2.19
Iowa,2019,4,3.03
Iowa,2019,5,8.21
Iowa,2019,6,3.91
Iowa,2019,7,3.38
Iowa,2019,8,3.53
Iowa,2019,9,6.21
Iowa,2019,10,4.78
Iowa,2019,11,1.49
Iowa,2019,12,1.28
Iowa,2020,1,1.37
Kansas,2000,1,0.42
Kansas,2000,2,1.61
Kansas,2000,3,4.16
Kansas,2000,4,1.35
Kansas,2000,5,2.67
Kansas,2000,6,4.25
Kansas,2000,7,3.68
Kansas,2000,8,0.62
Kansas,2000,9,1.01
Kansas,2000,10,3.98
Kansas,2000,11,1.24
Kansas,2000,12,0.49
Kansas,2001,1,1.31
Kansas,2001,2,2.46
Kansas,2001,3,1.48
Kansas,2001,4,1.81
Kansas,2001,5,5.26
Kansas,2001,6,3.81
Kansas,2001,7,3.71
Kansas,2001,8,2.4
Kansas,2001,9,3.55
Kansas,2001,10,1.11
Kansas,2001,11,0.58
Kansas,2001,12,0.27
Kansas,2002,1,1.06
Kansas,2002,2,0.42
Kansas,2002,3,0.53
Kansas,2002,4,2.34
Kansas,2002,5,3.9
Kansas,2002,6,2.74
Kansas,2002,7,1.72
Kansas,2002,8,3.09
Kansas,2002,9,1.5
Kansas,2002,10,4.43
Kansas,2002,11,0.24
Kansas,2002,12,0.47
Kansas,2003,1,0.18
Kansas,2003,2,1.15
Kansas,2003,3,2.22
Kansas,2003,4,3.23
Kansas,2003,5,3.47
Kansas,2003,6,4.19
Kansas,2003,7,0.85
Kansas,2003,8,4.31
Kansas,2003,9,2.51
Kansas,2003,10,1.21
Kansas,2003,11,0.64
Kansas,2003,12,1.15
Kansas,2004,1,0.83
Kansas,2004,2,0.86
Kansas,2004,3,3.38
Kansas,2004,4,2.5
Kansas,2004,5,2.47
Kansas,2004,6,5.34
Kansas,2004,7,5.81
Kansas,2004,8,2.51
Kansas,2004,9,2.15
Kansas,2004,10,2.29
Kansas,2004,11,2.47
Kansas,2004,12,0.3
Kansas,2005,1,1.77
Kansas,2005,2,1.59
Kansas,2005,3,1.37
Kansas,2005,4,2.02
Kansas,2005,5,3.18
Kansas,2005,6,6.03
Kansas,2005,7,3.22
Kansas,2005,8,5.16
Kansas,2005,9,1.58
Kansas,2005,10,2.58
Kansas,2005,11,0.68
Kansas,2005,12,0.42
Kansas,2006,1,0.3
Kansas,2006,2,0.01
Kansas,2006,3,1.87
Kansas,2006,4,2.43
Kansas,2006,5,2.76
Kansas,2006,6,3.02
Kansas,2006,7,2.39
Kansas,2006,8,4.77
Kansas,2006,9,1.9
Kansas,2006,10,2.14
Kansas,2006,11,0.47
Kansas,2006,12,2.67
Kansas,2007,1,0.89
Kansas,2007,2,0.88
Kansas,2007,3,3.44
Kansas,2007,4,2.98
Kansas,2007,5,5.98
Kansas,2007,6,5.69
Kansas,2007,7,3.35
Kansas,2007,8,2.57
Kansas,2007,9,2.02
Kansas,2007,10,2.83
Kansas,2007,11,0.15
Kansas,2007,12,2.48
Kansas,2008,1,0.4
Kansas,2008,2,1.38
Kansas,2008,3,1.47
Kansas,2008,4,2.81
Kansas,2008,5,5.13
Kansas,2008,6,4.81
Kansas,2008,7,3.37
Kansas,2008,8,3.62
Kansas,2008,9,3.97
Kansas,2008,10,4.78
Kansas,2008,11,0.95
Kansas,2008,12,0.65
Kansas,2009,1,0.08
Kansas,2009,2,0.51
Kansas,2009,3,1.87
Kansas,2009,4,4.8
Kansas,2009,5,2.74
Kansas,2009,6,4.71
Kansas,2009,7,3.99
Kansas,2009,8,3.83
Kansas,2009,9,3.4
Kansas,2009,10,3.81
Kansas,2009,11,1.08
Kansas,2009,12,0.98
Kansas,2010,1,0.48
Kansas,2010,2,0.86
Kansas,2010,3,2.08
Kansas,2010,4,2.62
Kansas,2010,5,4.06
Kansas,2010,6,4.7
Kansas,2010,7,4.55
Kansas,2010,8,2.93
Kansas,2010,9,3.14
Kansas,2010,10,0.69
Kansas,2010,11,1.53
Kansas,2010,12,0.2
Kansas,2011,1,0.46
Kansas,2011,2,1.09
Kansas,2011,3,1.11
Kansas,2011,4,1.86
Kansas,2011,5,3.44
Kansas,2011,6,2.66
Kansas,2011,7,2.59
Kansas,2011,8,3.33
Kansas,2011,9,1.27
Kansas,2011,10,1.6
Kansas,2011,11,2.5
Kansas,2011,12,2.26
Kansas,2012,1,0.07
Kansas,2012,2,1.81
Kansas,2012,3,2.45
Kansas,2012,4,3.08
Kansas,2012,5,1.47
Kansas,2012,6,2.16
Kansas,2012,7,1.28
Kansas,2012,8,2.61
Kansas,2012,9,2.09
Kansas,2012,10,1.14
Kansas,2012,11,0.58
Kansas,2012,12,0.55
Kansas,2013,1,0.84
Kansas,2013,2,1.63
Kansas,2013,3,1.21
Kansas,2013,4,2.44
Kansas,2013,5,3.96
Kansas,2013,6,2.78
Kansas,2013,7,4.46
Kansas,2013,8,4.91
Kansas,2013,9,2.74
Kansas,2013,10,2.64
Kansas,2013,11,1.03
Kansas,2013,12,0.39
Kansas,2014,1,0.24
Kansas,2014,2,0.75
Kansas,2014,3,0.48
Kansas,2014,4,1.59
Kansas,2014,5,1.98
Kansas,2014,6,7.58
Kansas,2014,7,2.39
Kansas,2014,8,3.06
Kansas,2014,9,2.98
Kansas,2014,10,2.75
Kansas,2014,11,0.29
Kansas,2014,12,1.34
Kansas,2015,1,0.37
Kansas,2015,2,0.83
Kansas,2015,3,0.49
Kansas,2015,4,2.76
Kansas,2015,5,8.28
Kansas,2015,6,3.34
Kansas,2015,7,4.93
Kansas,2015,8,2.95
Kansas,2015,9,1.58
Kansas,2015,10,1.79
Kansas,2015,11,3.1
Kansas,2015,12,2.36
Kansas,2016,1,0.48
Kansas,2016,2,0.55
Kansas,2016,3,0.77
Kansas,2016,4,5.34
Kansas,2016,5,4.58
Kansas,2016,6,2.3
Kansas,2016,7,5.05
Kansas,2016,8,4.9
Kansas,2016,9,4.11
Kansas,2016,10,1.44
Kansas,2016,11,0.47
Kansas,2016,12,0.69
Kansas,2017,1,1.56
Kansas,2017,2,0.24
Kansas,2017,3,2.79
Kansas,2017,4,5.07
Kansas,2017,5,4.83
Kansas,2017,6,3.2
Kansas,2017,7,2.39
Kansas,2017,8,3.56
Kansas,2017,9,2.39
Kansas,2017,10,2.73
Kansas,2017,11,0.16
Kansas,2017,12,0.11
Kansas,2018,1,0.39
Kansas,2018,2,0.6
Kansas,2018,3,1.02
Kansas,2018,4,1.21
Kansas,2018,5,4.1
Kansas,2018,6,3.82
Kansas,2018,7,4.19
Kansas,2018,8,4.33
Kansas,2018,9,3.33
Kansas,2018,10,5.86
Kansas,2018,11,0.81
Kansas,2018,12,2.19
Kansas,2019,1,1.03
Kansas,2019,2,1.02
Kansas,2019,3,2.12
Kansas,2019,4,1.67
Kansas,2019,5,10.51
Kansas,2019,6,4.45
Kansas,2019,7,2.32
Kansas,2019,8,7
Kansas,2019,9,2.02
Kansas,2019,10,1.95
Kansas,2019,11,0.65
Kansas,2019,12,1.28
Kansas,2020,1,1.33
Maryland,2000,1,3.15
Maryland,2000,2,2.3
Maryland,2000,3,4.95
Maryland,2000,4,4.28
Maryland,2000,5,3.27
Maryland,2000,6,4.98
Maryland,2000,7,6.39
Maryland,2000,8,4.1
Maryland,2000,9,5.28
Maryland,2000,10,0.35
Maryland,2000,11,2.05
Maryland,2000,12,2.82
Maryland,2001,1,2.75
Maryland,2001,2,2.2
Maryland,2001,3,4.95
Maryland,2001,4,2.06
Maryland,2001,5,4.44
Maryland,2001,6,4.65
Maryland,2001,7,4.48
Maryland,2001,8,4.31
Maryland,2001,9,2.4
Maryland,2001,10,0.92
Maryland,2001,11,1.01
Maryland,2001,12,1.85
Maryland,2002,1,2.32
Maryland,2002,2,0.58
Maryland,2002,3,4.22
Maryland,2002,4,3.73
Maryland,2002,5,3.3
Maryland,2002,6,2.79
Maryland,2002,7,2.66
Maryland,2002,8,2.95
Maryland,2002,9,3.96
Maryland,2002,10,6.26
Maryland,2002,11,4.43
Maryland,2002,12,4.27
Maryland,2003,1,2.25
Maryland,2003,2,5.86
Maryland,2003,3,4.08
Maryland,2003,4,3.1
Maryland,2003,5,6.53
Maryland,2003,6,6.89
Maryland,2003,7,5.38
Maryland,2003,8,5.05
Maryland,2003,9,7.85
Maryland,2003,10,4.22
Maryland,2003,11,4.63
Maryland,2003,12,4.9
Maryland,2004,1,2.25
Maryland,2004,2,2.47
Maryland,2004,3,2.47
Maryland,2004,4,5.4
Maryland,2004,5,3.88
Maryland,2004,6,4.4
Maryland,2004,7,5.96
Maryland,2004,8,5.43
Maryland,2004,9,5.26
Maryland,2004,10,1.72
Maryland,2004,11,4.45
Maryland,2004,12,2.9
Maryland,2005,1,3.91
Maryland,2005,2,1.96
Maryland,2005,3,4.49
Maryland,2005,4,3.59
Maryland,2005,5,3.75
Maryland,2005,6,3.09
Maryland,2005,7,5.62
Maryland,2005,8,3.06
Maryland,2005,9,0.6
Maryland,2005,10,7.69
Maryland,2005,11,3.01
Maryland,2005,12,3.26
Maryland,2006,1,3.62
Maryland,2006,2,1.7
Maryland,2006,3,0.33
Maryland,2006,4,3.47
Maryland,2006,5,2.29
Maryland,2006,6,9.32
Maryland,2006,7,3.62
Maryland,2006,8,1.32
Maryland,2006,9,7.01
Maryland,2006,10,5.09
Maryland,2006,11,5.22
Maryland,2006,12,1.98
Maryland,2007,1,3.03
Maryland,2007,2,2.4
Maryland,2007,3,3.62
Maryland,2007,4,4.47
Maryland,2007,5,1.37
Maryland,2007,6,2.92
Maryland,2007,7,2.47
Maryland,2007,8,3.9
Maryland,2007,9,1.3
Maryland,2007,10,4.59
Maryland,2007,11,1.77
Maryland,2007,12,4.21
Maryland,2008,1,1.65
Maryland,2008,2,3.54
Maryland,2008,3,2.95
Maryland,2008,4,4.72
Maryland,2008,5,6.86
Maryland,2008,6,4.6
Maryland,2008,7,4.21
Maryland,2008,8,2.01
Maryland,2008,9,4.89
Maryland,2008,10,1.47
Maryland,2008,11,3.33
Maryland,2008,12,4.77
Maryland,2009,1,2.49
Maryland,2009,2,0.51
Maryland,2009,3,2.33
Maryland,2009,4,4.69
Maryland,2009,5,5.93
Maryland,2009,6,5.43
Maryland,2009,7,3.07
Maryland,2009,8,5.96
Maryland,2009,9,3.72
Maryland,2009,10,5.75
Maryland,2009,11,4.47
Maryland,2009,12,6.92
Maryland,2010,1,2.77
Maryland,2010,2,3.43
Maryland,2010,3,4.99
Maryland,2010,4,1.87
Maryland,2010,5,3.11
Maryland,2010,6,2.1
Maryland,2010,7,3.79
Maryland,2010,8,4.34
Maryland,2010,9,5.24
Maryland,2010,10,4.83
Maryland,2010,11,2.14
Maryland,2010,12,2.28
Maryland,2011,1,2.38
Maryland,2011,2,2.27
Maryland,2011,3,5.04
Maryland,2011,4,4.77
Maryland,2011,5,3.2
Maryland,2011,6,2.54
Maryland,2011,7,3.29
Maryland,2011,8,8.86
Maryland,2011,9,8.03
Maryland,2011,10,3.67
Maryland,2011,11,3.42
Maryland,2011,12,3.64
Maryland,2012,1,2.27
Maryland,2012,2,2.11
Maryland,2012,3,2.14
Maryland,2012,4,2.49
Maryland,2012,5,3.69
Maryland,2012,6,2.99
Maryland,2012,7,3.68
Maryland,2012,8,4.86
Maryland,2012,9,3.62
Maryland,2012,10,7.94
Maryland,2012,11,0.75
Maryland,2012,12,3.86
Maryland,2013,1,3.45
Maryland,2013,2,2.22
Maryland,2013,3,3.25
Maryland,2013,4,3.07
Maryland,2013,5,3.2
Maryland,2013,6,7.46
Maryland,2013,7,4.77
Maryland,2013,8,4.22
Maryland,2013,9,1.53
Maryland,2013,10,5.06
Maryland,2013,11,2.73
Maryland,2013,12,5.08
Maryland,2014,1,2.65
Maryland,2014,2,4.17
Maryland,2014,3,3.75
Maryland,2014,4,4.93
Maryland,2014,5,5.18
Maryland,2014,6,3.64
Maryland,2014,7,3.87
Maryland,2014,8,3.93
Maryland,2014,9,2.64
Maryland,2014,10,3.38
Maryland,2014,11,3.09
Maryland,2014,12,3.53
Maryland,2015,1,3.79
Maryland,2015,2,2.03
Maryland,2015,3,4.26
Maryland,2015,4,3.63
Maryland,2015,5,2.46
Maryland,2015,6,9.39
Maryland,2015,7,3.93
Maryland,2015,8,2.61
Maryland,2015,9,3.86
Maryland,2015,10,3.71
Maryland,2015,11,2.62
Maryland,2015,12,4.57
Maryland,2016,1,3
Maryland,2016,2,4.04
Maryland,2016,3,1.77
Maryland,2016,4,2.13
Maryland,2016,5,5.93
Maryland,2016,6,4.17
Maryland,2016,7,4.82
Maryland,2016,8,2.78
Maryland,2016,9,6.59
Maryland,2016,10,2.22
Maryland,2016,11,1
Maryland,2016,12,3.21
Maryland,2017,1,3.14
Maryland,2017,2,1.12
Maryland,2017,3,3.73
Maryland,2017,4,3.22
Maryland,2017,5,5.85
Maryland,2017,6,2.11
Maryland,2017,7,7.76
Maryland,2017,8,5.57
Maryland,2017,9,2.01
Maryland,2017,10,3.79
Maryland,2017,11,1.96
Maryland,2017,12,0.95
Maryland,2018,1,2.4
Maryland,2018,2,4.73
Maryland,2018,3,2.78
Maryland,2018,4,3.75
Maryland,2018,5,7.61
Maryland,2018,6,5.1
Maryland,2018,7,8.2
Maryland,2018,8,4.95
Maryland,2018,9,9.14
Maryland,2018,10,4.04
Maryland,2018,11,6.95
Maryland,2018,12,4.97
Maryland,2019,1,3.26
Maryland,2019,2,3.61
Maryland,2019,3,4.07
Maryland,2019,4,3.04
Maryland,2019,5,5.19
Maryland,2019,6,4.23
Maryland,2019,7,4.91
Maryland,2019,8,3.12
Maryland,2019,9,0.71
Maryland,2019,10,5.26
Maryland,2019,11,1.71
Maryland,2019,12,3.6
Maryland,2020,1,3.04
Massachusetts,2000,1,3.52
Massachusetts,2000,2,3.37
Massachusetts,2000,3,4.42
Massachusetts,2000,4,5.87
Massachusetts,2000,5,3.94
Massachusetts,2000,6,6.2
Massachusetts,2000,7,5.37
Massachusetts,2000,8,3.63
Massachusetts,2000,9,3.57
Massachusetts,2000,10,2.47
Massachusetts,2000,11,3.53
Massachusetts,2000,12,4.3
Massachusetts,2001,1,2.2
Massachusetts,2001,2,2.78
Massachusetts,2001,3,8.75
Massachusetts,2001,4,1.75
Massachusetts,2001,5,3.06
Massachusetts,2001,6,5.89
Massachusetts,2001,7,3.29
Massachusetts,2001,8,3.36
Massachusetts,2001,9,3.54
Massachusetts,2001,10,1.1
Massachusetts,2001,11,1.22
Massachusetts,2001,12,3.04
Massachusetts,2002,1,2.63
Massachusetts,2002,2,2.25
Massachusetts,2002,3,4.24
Massachusetts,2002,4,3.77
Massachusetts,2002,5,5.43
Massachusetts,2002,6,4.59
Massachusetts,2002,7,1.98
Massachusetts,2002,8,2.85
Massachusetts,2002,9,4.19
Massachusetts,2002,10,4.16
Massachusetts,2002,11,5.88
Massachusetts,2002,12,5.26
Massachusetts,2003,1,2.83
Massachusetts,2003,2,4.05
Massachusetts,2003,3,4.42
Massachusetts,2003,4,4.09
Massachusetts,2003,5,4.17
Massachusetts,2003,6,5.52
Massachusetts,2003,7,2.67
Massachusetts,2003,8,5.75
Massachusetts,2003,9,5.34
Massachusetts,2003,10,5.7
Massachusetts,2003,11,3.03
Massachusetts,2003,12,5.72
Massachusetts,2004,1,1.52
Massachusetts,2004,2,1.77
Massachusetts,2004,3,2.47
Massachusetts,2004,4,7.32
Massachusetts,2004,5,3.8
Massachusetts,2004,6,2.21
Massachusetts,2004,7,3.94
Massachusetts,2004,8,5.6
Massachusetts,2004,9,7.42
Massachusetts,2004,10,2.19
Massachusetts,2004,11,3.78
Massachusetts,2004,12,4.48
Massachusetts,2005,1,5.02
Massachusetts,2005,2,2.74
Massachusetts,2005,3,4.97
Massachusetts,2005,4,4.86
Massachusetts,2005,5,4.62
Massachusetts,2005,6,2.46
Massachusetts,2005,7,3.38
Massachusetts,2005,8,3.21
Massachusetts,2005,9,2.74
Massachusetts,2005,10,14.03
Massachusetts,2005,11,5.08
Massachusetts,2005,12,3.9
Massachusetts,2006,1,5.61
Massachusetts,2006,2,2.41
Massachusetts,2006,3,0.66
Massachusetts,2006,4,2.95
Massachusetts,2006,5,8.37
Massachusetts,2006,6,9.49
Massachusetts,2006,7,3.41
Massachusetts,2006,8,4.34
Massachusetts,2006,9,2.84
Massachusetts,2006,10,5.75
Massachusetts,2006,11,5.54
Massachusetts,2006,12,2.33
Massachusetts,2007,1,3.35
Massachusetts,2007,2,2.15
Massachusetts,2007,3,5.16
Massachusetts,2007,4,7.6
Massachusetts,2007,5,3.29
Massachusetts,2007,6,3.07
Massachusetts,2007,7,4.59
Massachusetts,2007,8,1.43
Massachusetts,2007,9,2.54
Massachusetts,2007,10,3.61
Massachusetts,2007,11,3.63
Massachusetts,2007,12,5.07
Massachusetts,2008,1,2.57
Massachusetts,2008,2,8.5
Massachusetts,2008,3,5.52
Massachusetts,2008,4,3.91
Massachusetts,2008,5,2.21
Massachusetts,2008,6,4.46
Massachusetts,2008,7,6.81
Massachusetts,2008,8,3.76
Massachusetts,2008,9,8.24
Massachusetts,2008,10,2.84
Massachusetts,2008,11,3.81
Massachusetts,2008,12,7.07
Massachusetts,2009,1,3.8
Massachusetts,2009,2,1.79
Massachusetts,2009,3,3.02
Massachusetts,2009,4,4.16
Massachusetts,2009,5,3.83
Massachusetts,2009,6,5.6
Massachusetts,2009,7,8.58
Massachusetts,2009,8,4.72
Massachusetts,2009,9,2.11
Massachusetts,2009,10,5.98
Massachusetts,2009,11,3.25
Massachusetts,2009,12,4.87
Massachusetts,2010,1,3.35
Massachusetts,2010,2,4.45
Massachusetts,2010,3,10.53
Massachusetts,2010,4,1.6
Massachusetts,2010,5,2.74
Massachusetts,2010,6,3.35
Massachusetts,2010,7,2.95
Massachusetts,2010,8,3.86
Massachusetts,2010,9,2.43
Massachusetts,2010,10,6.49
Massachusetts,2010,11,3.82
Massachusetts,2010,12,4.06
Massachusetts,2011,1,3.55
Massachusetts,2011,2,4.18
Massachusetts,2011,3,3.89
Massachusetts,2011,4,5.36
Massachusetts,2011,5,3.67
Massachusetts,2011,6,5.45
Massachusetts,2011,7,2.51
Massachusetts,2011,8,9.49
Massachusetts,2011,9,7.26
Massachusetts,2011,10,7.26
Massachusetts,2011,11,3.76
Massachusetts,2011,12,4.45
Massachusetts,2012,1,3.22
Massachusetts,2012,2,1.08
Massachusetts,2012,3,1.66
Massachusetts,2012,4,2.9
Massachusetts,2012,5,4.79
Massachusetts,2012,6,4.07
Massachusetts,2012,7,2.67
Massachusetts,2012,8,4.8
Massachusetts,2012,9,5.34
Massachusetts,2012,10,4.66
Massachusetts,2012,11,1.14
Massachusetts,2012,12,5.45
Massachusetts,2013,1,1.92
Massachusetts,2013,2,4.25
Massachusetts,2013,3,3.11
Massachusetts,2013,4,2.21
Massachusetts,2013,5,5.14
Massachusetts,2013,6,9.59
Massachusetts,2013,7,3.86
Massachusetts,2013,8,3.62
Massachusetts,2013,9,3.45
Massachusetts,2013,10,1.48
Massachusetts,2013,11,3.69
Massachusetts,2013,12,4.07
Massachusetts,2014,1,3.43
Massachusetts,2014,2,4.18
Massachusetts,2014,3,4.51
Massachusetts,2014,4,3.87
Massachusetts,2014,5,3.75
Massachusetts,2014,6,2.81
Massachusetts,2014,7,6.52
Massachusetts,2014,8,3.07
Massachusetts,2014,9,1.43
Massachusetts,2014,10,6.21
Massachusetts,2014,11,4.71
Massachusetts,2014,12,5.61
Massachusetts,2015,1,4.03
Massachusetts,2015,2,2.99
Massachusetts,2015,3,2.84
Massachusetts,2015,4,2.55
Massachusetts,2015,5,0.96
Massachusetts,2015,6,6.57
Massachusetts,2015,7,3.15
Massachusetts,2015,8,2.95
Massachusetts,2015,9,4.19
Massachusetts,2015,10,3.86
Massachusetts,2015,11,2.48
Massachusetts,2015,12,4.82
Massachusetts,2016,1,2.48
Massachusetts,2016,2,4.69
Massachusetts,2016,3,3.04
Massachusetts,2016,4,2.94
Massachusetts,2016,5,2.98
Massachusetts,2016,6,1.77
Massachusetts,2016,7,2.27
Massachusetts,2016,8,3.18
Massachusetts,2016,9,2.36
Massachusetts,2016,10,4.91
Massachusetts,2016,11,2.58
Massachusetts,2016,12,3.63
Massachusetts,2017,1,4.03
Massachusetts,2017,2,2.68
Massachusetts,2017,3,3.21
Massachusetts,2017,4,5.51
Massachusetts,2017,5,5.78
Massachusetts,2017,6,4.45
Massachusetts,2017,7,3.47
Massachusetts,2017,8,2.89
Massachusetts,2017,9,3.42
Massachusetts,2017,10,6.94
Massachusetts,2017,11,1.82
Massachusetts,2017,12,2.62
Massachusetts,2018,1,4.5
Massachusetts,2018,2,4.88
Massachusetts,2018,3,4.45
Massachusetts,2018,4,4.99
Massachusetts,2018,5,2.05
Massachusetts,2018,6,4.05
Massachusetts,2018,7,4.65
Massachusetts,2018,8,6.24
Massachusetts,2018,9,7.6
Massachusetts,2018,10,4.92
Massachusetts,2018,11,8.77
Massachusetts,2018,12,3.93
Massachusetts,2019,1,5.3
Massachusetts,2019,2,3.21
Massachusetts,2019,3,2.51
Massachusetts,2019,4,6.76
Massachusetts,2019,5,3.7
Massachusetts,2019,6,4.35
Massachusetts,2019,7,4.56
Massachusetts,2019,8,3.83
Massachusetts,2019,9,1.89
Massachusetts,2019,10,6.28
Massachusetts,2019,11,3.32
Massachusetts,2019,12,7.03
Massachusetts,2020,1,1.83
Minnesota,2000,1,0.58
Minnesota,2000,2,1.03
Minnesota,2000,3,1.21
Minnesota,2000,4,1.44
Minnesota,2000,5,3.65
Minnesota,2000,6,4.99
Minnesota,2000,7,3.79
Minnesota,2000,8,3.47
Minnesota,2000,9,1.53
Minnesota,2000,10,1.97
Minnesota,2000,11,3.39
Minnesota,2000,12,0.93
Minnesota,2001,1,0.83
Minnesota,2001,2,1.3
Minnesota,2001,3,0.55
Minnesota,2001,4,5.3
Minnesota,2001,5,4.06
Minnesota,2001,6,3.89
Minnesota,2001,7,3.37
Minnesota,2001,8,3.01
Minnesota,2001,9,2.3
Minnesota,2001,10,2.04
Minnesota,2001,11,2.07
Minnesota,2001,12,0.56
Minnesota,2002,1,0.23
Minnesota,2002,2,0.58
Minnesota,2002,3,1.24
Minnesota,2002,4,2.24
Minnesota,2002,5,2.28
Minnesota,2002,6,6.14
Minnesota,2002,7,4.94
Minnesota,2002,8,5.28
Minnesota,2002,9,2.35
Minnesota,2002,10,2.63
Minnesota,2002,11,0.26
Minnesota,2002,12,0.42
Minnesota,2003,1,0.23
Minnesota,2003,2,0.44
Minnesota,2003,3,0.89
Minnesota,2003,4,2.05
Minnesota,2003,5,3.57
Minnesota,2003,6,4.73
Minnesota,2003,7,3.19
Minnesota,2003,8,1.41
Minnesota,2003,9,2.9
Minnesota,2003,10,1.14
Minnesota,2003,11,0.96
Minnesota,2003,12,0.69
Minnesota,2004,1,0.76
Minnesota,2004,2,0.82
Minnesota,2004,3,1.55
Minnesota,2004,4,1.37
Minnesota,2004,5,5.63
Minnesota,2004,6,2.76
Minnesota,2004,7,4.19
Minnesota,2004,8,2.88
Minnesota,2004,9,5.52
Minnesota,2004,10,2.88
Minnesota,2004,11,0.63
Minnesota,2004,12,0.88
Minnesota,2005,1,1.39
Minnesota,2005,2,0.75
Minnesota,2005,3,0.78
Minnesota,2005,4,1.91
Minnesota,2005,5,4.06
Minnesota,2005,6,5.61
Minnesota,2005,7,2.59
Minnesota,2005,8,3.42
Minnesota,2005,9,4.46
Minnesota,2005,10,2.96
Minnesota,2005,11,2.57
Minnesota,2005,12,1.1
Minnesota,2006,1,0.5
Minnesota,2006,2,0.54
Minnesota,2006,3,1.69
Minnesota,2006,4,2.64
Minnesota,2006,5,2.64
Minnesota,2006,6,2.65
Minnesota,2006,7,2
Minnesota,2006,8,3.62
Minnesota,2006,9,3.16
Minnesota,2006,10,1.19
Minnesota,2006,11,0.86
Minnesota,2006,12,1.29
Minnesota,2007,1,0.44
Minnesota,2007,2,1.08
Minnesota,2007,3,2.17
Minnesota,2007,4,2.39
Minnesota,2007,5,3.04
Minnesota,2007,6,3.58
Minnesota,2007,7,2.17
Minnesota,2007,8,4.1
Minnesota,2007,9,4.05
Minnesota,2007,10,4.68
Minnesota,2007,11,0.28
Minnesota,2007,12,1.23
Minnesota,2008,1,0.21
Minnesota,2008,2,0.4
Minnesota,2008,3,0.77
Minnesota,2008,4,3.3
Minnesota,2008,5,2.82
Minnesota,2008,6,4.88
Minnesota,2008,7,2.99
Minnesota,2008,8,2.12
Minnesota,2008,9,3.36
Minnesota,2008,10,3.46
Minnesota,2008,11,1.55
Minnesota,2008,12,1.48
Minnesota,2009,1,0.6
Minnesota,2009,2,1.04
Minnesota,2009,3,2.6
Minnesota,2009,4,1.6
Minnesota,2009,5,1.74
Minnesota,2009,6,3.35
Minnesota,2009,7,2.77
Minnesota,2009,8,3.88
Minnesota,2009,9,1.38
Minnesota,2009,10,5.06
Minnesota,2009,11,0.75
Minnesota,2009,12,1.62
Minnesota,2010,1,0.89
Minnesota,2010,2,0.58
Minnesota,2010,3,0.95
Minnesota,2010,4,1.35
Minnesota,2010,5,3.15
Minnesota,2010,6,5.21
Minnesota,2010,7,4.95
Minnesota,2010,8,4.55
Minnesota,2010,9,6.41
Minnesota,2010,10,2.25
Minnesota,2010,11,1.38
Minnesota,2010,12,1.77
Minnesota,2011,1,1.05
Minnesota,2011,2,0.68
Minnesota,2011,3,1.19
Minnesota,2011,4,2.7
Minnesota,2011,5,4.14
Minnesota,2011,6,4.18
Minnesota,2011,7,4.68
Minnesota,2011,8,2.73
Minnesota,2011,9,1.21
Minnesota,2011,10,0.98
Minnesota,2011,11,0.34
Minnesota,2011,12,0.47
Minnesota,2012,1,0.56
Minnesota,2012,2,1.18
Minnesota,2012,3,1.63
Minnesota,2012,4,2.76
Minnesota,2012,5,5.96
Minnesota,2012,6,4.36
Minnesota,2012,7,3.28
Minnesota,2012,8,2.04
Minnesota,2012,9,0.61
Minnesota,2012,10,1.88
Minnesota,2012,11,0.87
Minnesota,2012,12,1.04
Minnesota,2013,1,1.01
Minnesota,2013,2,1.16
Minnesota,2013,3,1.7
Minnesota,2013,4,3.05
Minnesota,2013,5,4.39
Minnesota,2013,6,5.22
Minnesota,2013,7,2.86
Minnesota,2013,8,1.84
Minnesota,2013,9,2.45
Minnesota,2013,10,3.34
Minnesota,2013,11,0.62
Minnesota,2013,12,1.37
Minnesota,2014,1,0.8
Minnesota,2014,2,0.86
Minnesota,2014,3,0.87
Minnesota,2014,4,3.7
Minnesota,2014,5,3.51
Minnesota,2014,6,8.07
Minnesota,2014,7,2.5
Minnesota,2014,8,3.72
Minnesota,2014,9,2.36
Minnesota,2014,10,1.19
Minnesota,2014,11,0.81
Minnesota,2014,12,0.73
Minnesota,2015,1,0.49
Minnesota,2015,2,0.47
Minnesota,2015,3,0.6
Minnesota,2015,4,1.39
Minnesota,2015,5,5.3
Minnesota,2015,6,3.8
Minnesota,2015,7,4.07
Minnesota,2015,8,3.89
Minnesota,2015,9,2.71
Minnesota,2015,10,2.15
Minnesota,2015,11,2.68
Minnesota,2015,12,1.91
Minnesota,2016,1,0.54
Minnesota,2016,2,0.74
Minnesota,2016,3,1.96
Minnesota,2016,4,2.15
Minnesota,2016,5,2.53
Minnesota,2016,6,4.15
Minnesota,2016,7,6.07
Minnesota,2016,8,5.31
Minnesota,2016,9,4.62
Minnesota,2016,10,2.17
Minnesota,2016,11,1.72
Minnesota,2016,12,1.58
Minnesota,2017,1,0.98
Minnesota,2017,2,0.97
Minnesota,2017,3,0.81
Minnesota,2017,4,2.5
Minnesota,2017,5,3.21
Minnesota,2017,6,3.76
Minnesota,2017,7,2.64
Minnesota,2017,8,5.23
Minnesota,2017,9,3.72
Minnesota,2017,10,3.26
Minnesota,2017,11,0.51
Minnesota,2017,12,0.71
Minnesota,2018,1,0.57
Minnesota,2018,2,1.02
Minnesota,2018,3,1.17
Minnesota,2018,4,1.13
Minnesota,2018,5,2.79
Minnesota,2018,6,5.72
Minnesota,2018,7,4.3
Minnesota,2018,8,3.11
Minnesota,2018,9,4.32
Minnesota,2018,10,3.57
Minnesota,2018,11,1.05
Minnesota,2018,12,1.33
Minnesota,2019,1,0.65
Minnesota,2019,2,1.72
Minnesota,2019,3,1.66
Minnesota,2019,4,2.71
Minnesota,2019,5,4.11
Minnesota,2019,6,3.55
Minnesota,2019,7,4.62
Minnesota,2019,8,3.31
Minnesota,2019,9,6.12
Minnesota,2019,10,4.22
Minnesota,2019,11,1.17
Minnesota,2019,12,1.82
Minnesota,2020,1,0.87
Montana,2000,1,1.19
Montana,2000,2,1.26
Montana,2000,3,1
Montana,2000,4,1.28
Montana,2000,5,2.09
Montana,2000,6,2.09
Montana,2000,7,1.64
Montana,2000,8,0.38
Montana,2000,9,1.54
Montana,2000,10,1.35
Montana,2000,11,0.98
Montana,2000,12,0.87
Montana,2001,1,0.51
Montana,2001,2,0.82
Montana,2001,3,0.83
Montana,2001,4,1.72
Montana,2001,5,0.83
Montana,2001,6,3.83
Montana,2001,7,2.48
Montana,2001,8,0.21
Montana,2001,9,0.92
Montana,2001,10,1.29
Montana,2001,11,0.71
Montana,2001,12,0.79
Montana,2002,1,1.26
Montana,2002,2,0.98
Montana,2002,3,1.48
Montana,2002,4,1.25
Montana,2002,5,2.04
Montana,2002,6,3.37
Montana,2002,7,1.41
Montana,2002,8,1.89
Montana,2002,9,1.37
Montana,2002,10,0.68
Montana,2002,11,0.66
Montana,2002,12,0.78
Montana,2003,1,1.37
Montana,2003,2,1.21
Montana,2003,3,2.1
Montana,2003,4,2.03
Montana,2003,5,2.33
Montana,2003,6,2.18
Montana,2003,7,0.5
Montana,2003,8,0.71
Montana,2003,9,1.08
Montana,2003,10,1.33
Montana,2003,11,1.15
Montana,2003,12,1.4
Montana,2004,1,1.3
Montana,2004,2,0.72
Montana,2004,3,0.64
Montana,2004,4,1.15
Montana,2004,5,3
Montana,2004,6,2.03
Montana,2004,7,1.48
Montana,2004,8,1.97
Montana,2004,9,1.53
Montana,2004,10,1.49
Montana,2004,11,0.6
Montana,2004,12,0.93
Montana,2005,1,0.79
Montana,2005,2,0.27
Montana,2005,3,1.46
Montana,2005,4,1.94
Montana,2005,5,2.72
Montana,2005,6,4.8
Montana,2005,7,0.67
Montana,2005,8,1.24
Montana,2005,9,1.3
Montana,2005,10,1.93
Montana,2005,11,1.66
Montana,2005,12,1.23
Montana,2006,1,1.4
Montana,2006,2,0.91
Montana,2006,3,1.25
Montana,2006,4,2.68
Montana,2006,5,1.8
Montana,2006,6,2.35
Montana,2006,7,0.59
Montana,2006,8,0.82
Montana,2006,9,1.92
Montana,2006,10,1.94
Montana,2006,11,1.71
Montana,2006,12,0.87
Montana,2007,1,0.72
Montana,2007,2,1.42
Montana,2007,3,1.16
Montana,2007,4,1.78
Montana,2007,5,4.05
Montana,2007,6,2.09
Montana,2007,7,0.83
Montana,2007,8,0.74
Montana,2007,9,1.46
Montana,2007,10,1.61
Montana,2007,11,0.92
Montana,2007,12,1.19
Montana,2008,1,1.26
Montana,2008,2,1.08
Montana,2008,3,0.93
Montana,2008,4,0.98
Montana,2008,5,4.05
Montana,2008,6,2.85
Montana,2008,7,1.05
Montana,2008,8,1.16
Montana,2008,9,1.62
Montana,2008,10,1.32
Montana,2008,11,1.37
Montana,2008,12,1.81
Montana,2009,1,1.34
Montana,2009,2,0.74
Montana,2009,3,1.72
Montana,2009,4,1.94
Montana,2009,5,1.34
Montana,2009,6,2.15
Montana,2009,7,2.03
Montana,2009,8,1.86
Montana,2009,9,0.55
Montana,2009,10,2.17
Montana,2009,11,0.56
Montana,2009,12,1.05
Montana,2010,1,1.08
Montana,2010,2,0.5
Montana,2010,3,0.74
Montana,2010,4,2.08
Montana,2010,5,3.93
Montana,2010,6,3.66
Montana,2010,7,1.51
Montana,2010,8,2.18
Montana,2010,9,1.87
Montana,2010,10,0.91
Montana,2010,11,1.92
Montana,2010,12,1.61
Montana,2011,1,1.77
Montana,2011,2,1.37
Montana,2011,3,1.62
Montana,2011,4,2.52
Montana,2011,5,5.7
Montana,2011,6,3.36
Montana,2011,7,1.39
Montana,2011,8,0.77
Montana,2011,9,0.47
Montana,2011,10,1.99
Montana,2011,11,1.08
Montana,2011,12,0.81
Montana,2012,1,1.23
Montana,2012,2,0.95
Montana,2012,3,1.6
Montana,2012,4,1.98
Montana,2012,5,2.42
Montana,2012,6,2.01
Montana,2012,7,1.29
Montana,2012,8,0.57
Montana,2012,9,0.17
Montana,2012,10,1.82
Montana,2012,11,1.45
Montana,2012,12,1.32
Montana,2013,1,1.05
Montana,2013,2,0.55
Montana,2013,3,0.91
Montana,2013,4,1.5
Montana,2013,5,4.15
Montana,2013,6,3.12
Montana,2013,7,1.19
Montana,2013,8,1.46
Montana,2013,9,2.53
Montana,2013,10,1.19
Montana,2013,11,0.91
Montana,2013,12,1.46
Montana,2014,1,1.21
Montana,2014,2,1.71
Montana,2014,3,2.26
Montana,2014,4,1.47
Montana,2014,5,1.92
Montana,2014,6,3.2
Montana,2014,7,0.69
Montana,2014,8,3.7
Montana,2014,9,1.2
Montana,2014,10,0.96
Montana,2014,11,1.98
Montana,2014,12,1.3
Montana,2015,1,1.18
Montana,2015,2,0.9
Montana,2015,3,0.99
Montana,2015,4,1.08
Montana,2015,5,2.43
Montana,2015,6,1.77
Montana,2015,7,1.88
Montana,2015,8,1.01
Montana,2015,9,1.29
Montana,2015,10,1.4
Montana,2015,11,1.34
Montana,2015,12,1.61
Montana,2016,1,0.91
Montana,2016,2,0.85
Montana,2016,3,1.37
Montana,2016,4,2.33
Montana,2016,5,3.1
Montana,2016,6,1.53
Montana,2016,7,2.07
Montana,2016,8,1.04
Montana,2016,9,2.47
Montana,2016,10,3.36
Montana,2016,11,0.65
Montana,2016,12,1.49
Montana,2017,1,0.91
Montana,2017,2,1.72
Montana,2017,3,1.84
Montana,2017,4,2.13
Montana,2017,5,1.54
Montana,2017,6,1.72
Montana,2017,7,0.43
Montana,2017,8,0.37
Montana,2017,9,2.1
Montana,2017,10,1.16
Montana,2017,11,1.7
Montana,2017,12,1.81
Montana,2018,1,1.16
Montana,2018,2,2.12
Montana,2018,3,1.44
Montana,2018,4,2.17
Montana,2018,5,2.8
Montana,2018,6,3.62
Montana,2018,7,0.76
Montana,2018,8,1.05
Montana,2018,9,1.09
Montana,2018,10,1.34
Montana,2018,11,1.44
Montana,2018,12,0.99
Montana,2019,1,1.04
Montana,2019,2,1.92
Montana,2019,3,0.63
Montana,2019,4,2.18
Montana,2019,5,2.67
Montana,2019,6,2.56
Montana,2019,7,2.03
Montana,2019,8,1.53
Montana,2019,9,3.58
Montana,2019,10,1.36
Montana,2019,11,1.12
Montana,2019,12,0.79
Montana,2020,1,1.2
Nebraska,2000,1,0.3
Nebraska,2000,2,0.99
Nebraska,2000,3,1.55
Nebraska,2000,4,1.81
Nebraska,2000,5,2.82
Nebraska,2000,6,2.7
Nebraska,2000,7,3.35
Nebraska,2000,8,1.22
Nebraska,2000,9,1.49
Nebraska,2000,10,2.35
Nebraska,2000,11,1.38
Nebraska,2000,12,0.4
Nebraska,2001,1,0.95
Nebraska,2001,2,0.99
Nebraska,2001,3,0.72
Nebraska,2001,4,3.83
Nebraska,2001,5,4.34
Nebraska,2001,6,2.09
Nebraska,2001,7,3.85
Nebraska,2001,8,2.16
Nebraska,2001,9,2.76
Nebraska,2001,10,1.09
Nebraska,2001,11,1.59
Nebraska,2001,12,0.11
Nebraska,2002,1,0.23
Nebraska,2002,2,0.26
Nebraska,2002,3,0.82
Nebraska,2002,4,1.5
Nebraska,2002,5,2.43
Nebraska,2002,6,1.47
Nebraska,2002,7,1.12
Nebraska,2002,8,3.52
Nebraska,2002,9,1.42
Nebraska,2002,10,2.63
Nebraska,2002,11,0.16
Nebraska,2002,12,0.09
Nebraska,2003,1,0.37
Nebraska,2003,2,0.67
Nebraska,2003,3,1.2
Nebraska,2003,4,3.23
Nebraska,2003,5,3.24
Nebraska,2003,6,4.25
Nebraska,2003,7,1.43
Nebraska,2003,8,1.35
Nebraska,2003,9,2.21
Nebraska,2003,10,0.75
Nebraska,2003,11,0.93
Nebraska,2003,12,0.35
Nebraska,2004,1,0.5
Nebraska,2004,2,0.74
Nebraska,2004,3,1.95
Nebraska,2004,4,1.76
Nebraska,2004,5,3.29
Nebraska,2004,6,2.85
Nebraska,2004,7,4.11
Nebraska,2004,8,1.46
Nebraska,2004,9,3.49
Nebraska,2004,10,1.2
Nebraska,2004,11,1.48
Nebraska,2004,12,0.1
Nebraska,2005,1,0.54
Nebraska,2005,2,0.78
Nebraska,2005,3,1.48
Nebraska,2005,4,3.19
Nebraska,2005,5,3.31
Nebraska,2005,6,5.39
Nebraska,2005,7,1.91
Nebraska,2005,8,3.04
Nebraska,2005,9,1.05
Nebraska,2005,10,1.5
Nebraska,2005,11,1.01
Nebraska,2005,12,0.37
Nebraska,2006,1,0.34
Nebraska,2006,2,0.23
Nebraska,2006,3,2.06
Nebraska,2006,4,2.2
Nebraska,2006,5,1.16
Nebraska,2006,6,3.16
Nebraska,2006,7,1.86
Nebraska,2006,8,3.82
Nebraska,2006,9,3.48
Nebraska,2006,10,1.03
Nebraska,2006,11,0.24
Nebraska,2006,12,1.98
Nebraska,2007,1,0.58
Nebraska,2007,2,0.96
Nebraska,2007,3,2.25
Nebraska,2007,4,3.77
Nebraska,2007,5,5.19
Nebraska,2007,6,2.82
Nebraska,2007,7,2.46
Nebraska,2007,8,4.27
Nebraska,2007,9,1.82
Nebraska,2007,10,3.08
Nebraska,2007,11,0.05
Nebraska,2007,12,1.39
Nebraska,2008,1,0.19
Nebraska,2008,2,0.39
Nebraska,2008,3,0.82
Nebraska,2008,4,2.89
Nebraska,2008,5,5.87
Nebraska,2008,6,4.17
Nebraska,2008,7,3.1
Nebraska,2008,8,2.22
Nebraska,2008,9,2.71
Nebraska,2008,10,4.42
Nebraska,2008,11,0.79
Nebraska,2008,12,0.53
Nebraska,2009,1,0.44
Nebraska,2009,2,0.71
Nebraska,2009,3,0.69
Nebraska,2009,4,2.74
Nebraska,2009,5,2.18
Nebraska,2009,6,5.52
Nebraska,2009,7,3.07
Nebraska,2009,8,3.67
Nebraska,2009,9,1.52
Nebraska,2009,10,3.74
Nebraska,2009,11,0.28
Nebraska,2009,12,1.14
Nebraska,2010,1,0.37
Nebraska,2010,2,0.73
Nebraska,2010,3,1.69
Nebraska,2010,4,2.97
Nebraska,2010,5,3.03
Nebraska,2010,6,7.4
Nebraska,2010,7,4.03
Nebraska,2010,8,2.85
Nebraska,2010,9,2.04
Nebraska,2010,10,0.92
Nebraska,2010,11,0.67
Nebraska,2010,12,0.37
Nebraska,2011,1,0.93
Nebraska,2011,2,0.64
Nebraska,2011,3,0.88
Nebraska,2011,4,2.8
Nebraska,2011,5,5.43
Nebraska,2011,6,3.99
Nebraska,2011,7,3.71
Nebraska,2011,8,3.56
Nebraska,2011,9,0.88
Nebraska,2011,10,1.92
Nebraska,2011,11,0.48
Nebraska,2011,12,0.59
Nebraska,2012,1,0.16
Nebraska,2012,2,1.34
Nebraska,2012,3,0.57
Nebraska,2012,4,3.13
Nebraska,2012,5,2.04
Nebraska,2012,6,1.65
Nebraska,2012,7,1.03
Nebraska,2012,8,1.06
Nebraska,2012,9,0.49
Nebraska,2012,10,0.88
Nebraska,2012,11,0.29
Nebraska,2012,12,0.72
Nebraska,2013,1,0.32
Nebraska,2013,2,0.83
Nebraska,2013,3,0.95
Nebraska,2013,4,2.77
Nebraska,2013,5,4.86
Nebraska,2013,6,2.43
Nebraska,2013,7,2.11
Nebraska,2013,8,3
Nebraska,2013,9,2.32
Nebraska,2013,10,2.8
Nebraska,2013,11,0.78
Nebraska,2013,12,0.27
Nebraska,2014,1,0.22
Nebraska,2014,2,0.64
Nebraska,2014,3,0.5
Nebraska,2014,4,1.99
Nebraska,2014,5,2.63
Nebraska,2014,6,7.23
Nebraska,2014,7,1.72
Nebraska,2014,8,4.7
Nebraska,2014,9,2.57
Nebraska,2014,10,1.34
Nebraska,2014,11,0.32
Nebraska,2014,12,1.12
Nebraska,2015,1,0.21
Nebraska,2015,2,0.68
Nebraska,2015,3,0.24
Nebraska,2015,4,2.64
Nebraska,2015,5,5.89
Nebraska,2015,6,4.73
Nebraska,2015,7,3.33
Nebraska,2015,8,2.83
Nebraska,2015,9,2.54
Nebraska,2015,10,1.43
Nebraska,2015,11,1.95
Nebraska,2015,12,1.6
Nebraska,2016,1,0.4
Nebraska,2016,2,0.79
Nebraska,2016,3,1.16
Nebraska,2016,4,5.2
Nebraska,2016,5,4.39
Nebraska,2016,6,2.2
Nebraska,2016,7,3.55
Nebraska,2016,8,2.57
Nebraska,2016,9,2.21
Nebraska,2016,10,1.16
Nebraska,2016,11,0.86
Nebraska,2016,12,0.82
Nebraska,2017,1,1.01
Nebraska,2017,2,0.72
Nebraska,2017,3,1.55
Nebraska,2017,4,2.56
Nebraska,2017,5,4.71
Nebraska,2017,6,1.53
Nebraska,2017,7,2.64
Nebraska,2017,8,4.31
Nebraska,2017,9,2.72
Nebraska,2017,10,2.96
Nebraska,2017,11,0.23
Nebraska,2017,12,0.4
Nebraska,2018,1,0.72
Nebraska,2018,2,0.67
Nebraska,2018,3,1.14
Nebraska,2018,4,1.55
Nebraska,2018,5,4.66
Nebraska,2018,6,5.26
Nebraska,2018,7,4.66
Nebraska,2018,8,2.44
Nebraska,2018,9,2.74
Nebraska,2018,10,2.54
Nebraska,2018,11,0.87
Nebraska,2018,12,1.97
Nebraska,2019,1,0.25
Nebraska,2019,2,0.74
Nebraska,2019,3,2.81
Nebraska,2019,4,1.75
Nebraska,2019,5,6.59
Nebraska,2019,6,3.74
Nebraska,2019,7,4.17
Nebraska,2019,8,5.14
Nebraska,2019,9,2.49
Nebraska,2019,10,1.59
Nebraska,2019,11,0.96
Nebraska,2019,12,1.15
Nebraska,2020,1,0.59
New Jersey,2000,1,3.1
New Jersey,2000,2,2.16
New Jersey,2000,3,4.61
New Jersey,2000,4,3.33
New Jersey,2000,5,3.82
New Jersey,2000,6,4.38
New Jersey,2000,7,5.76
New Jersey,2000,8,5.33
New Jersey,2000,9,5.23
New Jersey,2000,10,0.77
New Jersey,2000,11,3.15
New Jersey,2000,12,3.61
New Jersey,2001,1,3.03
New Jersey,2001,2,2.62
New Jersey,2001,3,5.95
New Jersey,2001,4,1.83
New Jersey,2001,5,3.17
New Jersey,2001,6,5.24
New Jersey,2001,7,3.1
New Jersey,2001,8,3.53
New Jersey,2001,9,2.93
New Jersey,2001,10,0.93
New Jersey,2001,11,1
New Jersey,2001,12,2.22
New Jersey,2002,1,2.21
New Jersey,2002,2,0.75
New Jersey,2002,3,4.21
New Jersey,2002,4,3.83
New Jersey,2002,5,4.26
New Jersey,2002,6,4.94
New Jersey,2002,7,1.66
New Jersey,2002,8,3.73
New Jersey,2002,9,3.95
New Jersey,2002,10,6.74
New Jersey,2002,11,5.1
New Jersey,2002,12,4.53
New Jersey,2003,1,2.54
New Jersey,2003,2,4.69
New Jersey,2003,3,4.07
New Jersey,2003,4,2.86
New Jersey,2003,5,3.77
New Jersey,2003,6,8.43
New Jersey,2003,7,3.87
New Jersey,2003,8,4.92
New Jersey,2003,9,6.26
New Jersey,2003,10,4.99
New Jersey,2003,11,4.32
New Jersey,2003,12,5.76
New Jersey,2004,1,1.98
New Jersey,2004,2,2.52
New Jersey,2004,3,3.3
New Jersey,2004,4,5.32
New Jersey,2004,5,3.75
New Jersey,2004,6,3.05
New Jersey,2004,7,7.52
New Jersey,2004,8,4.82
New Jersey,2004,9,6.06
New Jersey,2004,10,2.28
New Jersey,2004,11,4.62
New Jersey,2004,12,3.48
New Jersey,2005,1,4.35
New Jersey,2005,2,2.42
New Jersey,2005,3,4.01
New Jersey,2005,4,4.48
New Jersey,2005,5,2.56
New Jersey,2005,6,3.53
New Jersey,2005,7,4.64
New Jersey,2005,8,2.12
New Jersey,2005,9,1.19
New Jersey,2005,10,11.99
New Jersey,2005,11,3.91
New Jersey,2005,12,3.61
New Jersey,2006,1,5.17
New Jersey,2006,2,1.76
New Jersey,2006,3,0.82
New Jersey,2006,4,3.64
New Jersey,2006,5,3.03
New Jersey,2006,6,7.88
New Jersey,2006,7,5.18
New Jersey,2006,8,3.76
New Jersey,2006,9,5.85
New Jersey,2006,10,6.28
New Jersey,2006,11,5.88
New Jersey,2006,12,2.16
New Jersey,2007,1,3.6
New Jersey,2007,2,1.97
New Jersey,2007,3,4.11
New Jersey,2007,4,8.45
New Jersey,2007,5,1.58
New Jersey,2007,6,4.05
New Jersey,2007,7,4.47
New Jersey,2007,8,4.49
New Jersey,2007,9,0.99
New Jersey,2007,10,5.5
New Jersey,2007,11,2.34
New Jersey,2007,12,5.38
New Jersey,2008,1,2.06
New Jersey,2008,2,5.24
New Jersey,2008,3,4.09
New Jersey,2008,4,2.67
New Jersey,2008,5,4.57
New Jersey,2008,6,3.09
New Jersey,2008,7,3.92
New Jersey,2008,8,2.34
New Jersey,2008,9,6.16
New Jersey,2008,10,2.84
New Jersey,2008,11,3.8
New Jersey,2008,12,6.44
New Jersey,2009,1,2.93
New Jersey,2009,2,0.66
New Jersey,2009,3,2.01
New Jersey,2009,4,4.4
New Jersey,2009,5,4.43
New Jersey,2009,6,6.79
New Jersey,2009,7,5
New Jersey,2009,8,7.39
New Jersey,2009,9,3.99
New Jersey,2009,10,5.67
New Jersey,2009,11,2.19
New Jersey,2009,12,7.71
New Jersey,2010,1,2.64
New Jersey,2010,2,4.62
New Jersey,2010,3,8.66
New Jersey,2010,4,2.51
New Jersey,2010,5,3.35
New Jersey,2010,6,2.24
New Jersey,2010,7,4.07
New Jersey,2010,8,2.51
New Jersey,2010,9,3.18
New Jersey,2010,10,5.38
New Jersey,2010,11,2.17
New Jersey,2010,12,3.27
New Jersey,2011,1,3.33
New Jersey,2011,2,3.07
New Jersey,2011,3,5.55
New Jersey,2011,4,5.67
New Jersey,2011,5,3.77
New Jersey,2011,6,3.43
New Jersey,2011,7,4.11
New Jersey,2011,8,15.67
New Jersey,2011,9,7.12
New Jersey,2011,10,4.19
New Jersey,2011,11,3.83
New Jersey,2011,12,4.21
New Jersey,2012,1,2.78
New Jersey,2012,2,1.33
New Jersey,2012,3,1.65
New Jersey,2012,4,2.87
New Jersey,2012,5,4.27
New Jersey,2012,6,4.3
New Jersey,2012,7,3.43
New Jersey,2012,8,4.62
New Jersey,2012,9,4.45
New Jersey,2012,10,5.43
New Jersey,2012,11,1.3
New Jersey,2012,12,5.56
New Jersey,2013,1,3
New Jersey,2013,2,2.89
New Jersey,2013,3,2.89
New Jersey,2013,4,2.6
New Jersey,2013,5,3.82
New Jersey,2013,6,9.49
New Jersey,2013,7,5.27
New Jersey,2013,8,4.67
New Jersey,2013,9,2.11
New Jersey,2013,10,2.01
New Jersey,2013,11,2.89
New Jersey,2013,12,4.74
New Jersey,2014,1,3.12
New Jersey,2014,2,4.96
New Jersey,2014,3,3.97
New Jersey,2014,4,4.42
New Jersey,2014,5,4.72
New Jersey,2014,6,3.32
New Jersey,2014,7,5.23
New Jersey,2014,8,4.08
New Jersey,2014,9,2.5
New Jersey,2014,10,3.64
New Jersey,2014,11,4.34
New Jersey,2014,12,4.65
New Jersey,2015,1,4.43
New Jersey,2015,2,2.18
New Jersey,2015,3,4.55
New Jersey,2015,4,2.67
New Jersey,2015,5,1.21
New Jersey,2015,6,8.12
New Jersey,2015,7,3.68
New Jersey,2015,8,2.26
New Jersey,2015,9,3.6
New Jersey,2015,10,4.02
New Jersey,2015,11,2.3
New Jersey,2015,12,4.84
New Jersey,2016,1,3.19
New Jersey,2016,2,4.08
New Jersey,2016,3,1.87
New Jersey,2016,4,2.26
New Jersey,2016,5,4.79
New Jersey,2016,6,2.4
New Jersey,2016,7,6.97
New Jersey,2016,8,2.08
New Jersey,2016,9,3.45
New Jersey,2016,10,2.8
New Jersey,2016,11,2.43
New Jersey,2016,12,3.27
New Jersey,2017,1,3.71
New Jersey,2017,2,1.64
New Jersey,2017,3,4.06
New Jersey,2017,4,3.82
New Jersey,2017,5,6.51
New Jersey,2017,6,3.32
New Jersey,2017,7,6.29
New Jersey,2017,8,5.17
New Jersey,2017,9,2.27
New Jersey,2017,10,4.97
New Jersey,2017,11,1.7
New Jersey,2017,12,1.46
New Jersey,2018,1,2.72
New Jersey,2018,2,6.08
New Jersey,2018,3,4.64
New Jersey,2018,4,4.17
New Jersey,2018,5,5.8
New Jersey,2018,6,3.3
New Jersey,2018,7,5.91
New Jersey,2018,8,5.56
New Jersey,2018,9,7.57
New Jersey,2018,10,4.46
New Jersey,2018,11,8.65
New Jersey,2018,12,5.9
New Jersey,2019,1,4.49
New Jersey,2019,2,3.26
New Jersey,2019,3,3.84
New Jersey,2019,4,3.98
New Jersey,2019,5,6.76
New Jersey,2019,6,5.18
New Jersey,2019,7,6.14
New Jersey,2019,8,3.75
New Jersey,2019,9,1.24
New Jersey,2019,10,5.79
New Jersey,2019,11,1.94
New Jersey,2019,12,5.44
New Jersey,2020,1,2.31
New York,2000,1,3.3
New York,2000,2,2.88
New York,2000,3,3.03
New York,2000,4,5.16
New York,2000,5,5.8
New York,2000,6,5.32
New York,2000,7,4.34
New York,2000,8,4.16
New York,2000,9,3.69
New York,2000,10,2.34
New York,2000,11,2.74
New York,2000,12,3.48
New York,2001,1,1.61
New York,2001,2,2.22
New York,2001,3,4.92
New York,2001,4,1.18
New York,2001,5,2.94
New York,2001,6,4.29
New York,2001,7,2.4
New York,2001,8,3.11
New York,2001,9,4.13
New York,2001,10,2.36
New York,2001,11,2.24
New York,2001,12,2.74
New York,2002,1,2.19
New York,2002,2,2.3
New York,2002,3,3.31
New York,2002,4,4.06
New York,2002,5,5.34
New York,2002,6,5.44
New York,2002,7,2
New York,2002,8,2.63
New York,2002,9,4.6
New York,2002,10,4.31
New York,2002,11,3.84
New York,2002,12,3.54
New York,2003,1,2.51
New York,2003,2,2.52
New York,2003,3,2.81
New York,2003,4,2.65
New York,2003,5,4.83
New York,2003,6,4.08
New York,2003,7,4.53
New York,2003,8,4.6
New York,2003,9,5.43
New York,2003,10,5.34
New York,2003,11,4.3
New York,2003,12,4.42
New York,2004,1,2.24
New York,2004,2,1.49
New York,2004,3,2.37
New York,2004,4,3.8
New York,2004,5,5.57
New York,2004,6,2.88
New York,2004,7,6.08
New York,2004,8,5.72
New York,2004,9,5.32
New York,2004,10,2.26
New York,2004,11,3.25
New York,2004,12,4.19
New York,2005,1,3.9
New York,2005,2,2.14
New York,2005,3,2.66
New York,2005,4,4.73
New York,2005,5,1.59
New York,2005,6,3.62
New York,2005,7,4.05
New York,2005,8,4.24
New York,2005,9,3.88
New York,2005,10,8.29
New York,2005,11,4.95
New York,2005,12,2.8
New York,2006,1,4.07
New York,2006,2,2.02
New York,2006,3,1.73
New York,2006,4,3.36
New York,2006,5,3.73
New York,2006,6,7.16
New York,2006,7,5.21
New York,2006,8,4.26
New York,2006,9,4.44
New York,2006,10,6.16
New York,2006,11,3.44
New York,2006,12,3.31
New York,2007,1,3.97
New York,2007,2,2.42
New York,2007,3,3.67
New York,2007,4,4.92
New York,2007,5,1.92
New York,2007,6,2.91
New York,2007,7,4.71
New York,2007,8,2.55
New York,2007,9,3.31
New York,2007,10,5.01
New York,2007,11,4.25
New York,2007,12,4.83
New York,2008,1,2.06
New York,2008,2,5.28
New York,2008,3,5.15
New York,2008,4,2.81
New York,2008,5,2.28
New York,2008,6,4.38
New York,2008,7,5.52
New York,2008,8,4.06
New York,2008,9,3.39
New York,2008,10,4.74
New York,2008,11,2.77
New York,2008,12,5.29
New York,2009,1,2.53
New York,2009,2,1.68
New York,2009,3,2.81
New York,2009,4,2.51
New York,2009,5,4.64
New York,2009,6,5.03
New York,2009,7,5.51
New York,2009,8,5.05
New York,2009,9,2.49
New York,2009,10,4.42
New York,2009,11,2.06
New York,2009,12,3.64
New York,2010,1,2.41
New York,2010,2,2.72
New York,2010,3,3.64
New York,2010,4,2.09
New York,2010,5,2.63
New York,2010,6,5.57
New York,2010,7,4.02
New York,2010,8,4.47
New York,2010,9,3.3
New York,2010,10,6.9
New York,2010,11,2.86
New York,2010,12,3.31
New York,2011,1,2.01
New York,2011,2,3.53
New York,2011,3,4.51
New York,2011,4,6.78
New York,2011,5,6.17
New York,2011,6,4.25
New York,2011,7,2.55
New York,2011,8,7.76
New York,2011,9,7.12
New York,2011,10,4.61
New York,2011,11,2.98
New York,2011,12,3.44
New York,2012,1,3.29
New York,2012,2,1.27
New York,2012,3,1.97
New York,2012,4,2.9
New York,2012,5,4.12
New York,2012,6,3.34
New York,2012,7,3.14
New York,2012,8,3.19
New York,2012,9,4.91
New York,2012,10,4.94
New York,2012,11,1.18
New York,2012,12,5.31
New York,2013,1,2.12
New York,2013,2,2.38
New York,2013,3,1.8
New York,2013,4,3.1
New York,2013,5,4.31
New York,2013,6,7.46
New York,2013,7,4.62
New York,2013,8,3.85
New York,2013,9,3.5
New York,2013,10,3.21
New York,2013,11,4.03
New York,2013,12,3.61
New York,2014,1,2.6
New York,2014,2,2.92
New York,2014,3,3.05
New York,2014,4,3.57
New York,2014,5,4.64
New York,2014,6,5.11
New York,2014,7,5.33
New York,2014,8,3.69
New York,2014,9,2.12
New York,2014,10,3.98
New York,2014,11,2.72
New York,2014,12,3.49
New York,2015,1,2.34
New York,2015,2,2
New York,2015,3,1.61
New York,2015,4,3.02
New York,2015,5,2.75
New York,2015,6,7.69
New York,2015,7,3.6
New York,2015,8,3.07
New York,2015,9,4.75
New York,2015,10,3.7
New York,2015,11,2.05
New York,2015,12,4.06
New York,2016,1,1.73
New York,2016,2,4.36
New York,2016,3,2.13
New York,2016,4,2.56
New York,2016,5,2.53
New York,2016,6,2.87
New York,2016,7,3.4
New York,2016,8,4.54
New York,2016,9,2.49
New York,2016,10,5.43
New York,2016,11,2.66
New York,2016,12,3.47
New York,2017,1,3.4
New York,2017,2,3
New York,2017,3,3.44
New York,2017,4,4.85
New York,2017,5,5.85
New York,2017,6,4.85
New York,2017,7,5.24
New York,2017,8,3.46
New York,2017,9,2.42
New York,2017,10,5.55
New York,2017,11,2.76
New York,2017,12,2.56
New York,2018,1,3.45
New York,2018,2,3.18
New York,2018,3,3
New York,2018,4,3.86
New York,2018,5,2.76
New York,2018,6,3.28
New York,2018,7,4.62
New York,2018,8,5.36
New York,2018,9,5.13
New York,2018,10,4.73
New York,2018,11,5.94
New York,2018,12,3.27
New York,2019,1,4.43
New York,2019,2,2.72
New York,2019,3,1.95
New York,2019,4,4.35
New York,2019,5,5.33
New York,2019,6,5.01
New York,2019,7,3.67
New York,2019,8,3.91
New York,2019,9,2.81
New York,2019,10,6.6
New York,2019,11,3.44
New York,2019,12,4.01
New York,2020,1,2.78
Oregon,2000,1,5.97
Oregon,2000,2,4.65
Oregon,2000,3,2.72
Oregon,2000,4,2.09
Oregon,2000,5,2.1
Oregon,2000,6,1.01
Oregon,2000,7,0.35
Oregon,2000,8,0.1
Oregon,2000,9,1.1
Oregon,2000,10,3.07
Oregon,2000,11,2.06
Oregon,2000,12,2.69
Oregon,2001,1,1.81
Oregon,2001,2,1.6
Oregon,2001,3,2.54
Oregon,2001,4,2.6
Oregon,2001,5,1.28
Oregon,2001,6,1.41
Oregon,2001,7,0.77
Oregon,2001,8,0.39
Oregon,2001,9,0.69
Oregon,2001,10,2.22
Oregon,2001,11,5.37
Oregon,2001,12,6.16
Oregon,2002,1,5.17
Oregon,2002,2,2.29
Oregon,2002,3,3.1
Oregon,2002,4,2.42
Oregon,2002,5,1.06
Oregon,2002,6,1.07
Oregon,2002,7,0.19
Oregon,2002,8,0.24
Oregon,2002,9,0.62
Oregon,2002,10,0.45
Oregon,2002,11,2.54
Oregon,2002,12,7.06
Oregon,2003,1,4.96
Oregon,2003,2,2.36
Oregon,2003,3,4.93
Oregon,2003,4,4.11
Oregon,2003,5,1.89
Oregon,2003,6,0.21
Oregon,2003,7,0.25
Oregon,2003,8,0.49
Oregon,2003,9,1.04
Oregon,2003,10,1.29
Oregon,2003,11,3.75
Oregon,2003,12,6.78
Oregon,2004,1,5.35
Oregon,2004,2,3.86
Oregon,2004,3,1.81
Oregon,2004,4,1.91
Oregon,2004,5,2.86
Oregon,2004,6,1.23
Oregon,2004,7,0.25
Oregon,2004,8,1.71
Oregon,2004,9,1.29
Oregon,2004,10,3.32
Oregon,2004,11,1.78
Oregon,2004,12,4.32
Oregon,2005,1,2.13
Oregon,2005,2,1.06
Oregon,2005,3,3.45
Oregon,2005,4,3.17
Oregon,2005,5,4.81
Oregon,2005,6,1.62
Oregon,2005,7,0.33
Oregon,2005,8,0.09
Oregon,2005,9,0.65
Oregon,2005,10,2.55
Oregon,2005,11,5.39
Oregon,2005,12,7.97
Oregon,2006,1,8.28
Oregon,2006,2,2.37
Oregon,2006,3,3.81
Oregon,2006,4,2.68
Oregon,2006,5,2
Oregon,2006,6,1.57
Oregon,2006,7,0.23
Oregon,2006,8,0.2
Oregon,2006,9,0.71
Oregon,2006,10,1.07
Oregon,2006,11,8.08
Oregon,2006,12,5.44
Oregon,2007,1,2.62
Oregon,2007,2,4.54
Oregon,2007,3,2.22
Oregon,2007,4,2.22
Oregon,2007,5,0.95
Oregon,2007,6,1.18
Oregon,2007,7,0.45
Oregon,2007,8,0.59
Oregon,2007,9,1.08
Oregon,2007,10,3.56
Oregon,2007,11,3.65
Oregon,2007,12,5.93
Oregon,2008,1,5.87
Oregon,2008,2,2.43
Oregon,2008,3,3.45
Oregon,2008,4,2.05
Oregon,2008,5,1.94
Oregon,2008,6,1.01
Oregon,2008,7,0.13
Oregon,2008,8,0.74
Oregon,2008,9,0.32
Oregon,2008,10,1.42
Oregon,2008,11,3.83
Oregon,2008,12,5.44
Oregon,2009,1,2.95
Oregon,2009,2,2.43
Oregon,2009,3,3.95
Oregon,2009,4,2.01
Oregon,2009,5,2.65
Oregon,2009,6,2.19
Oregon,2009,7,0.17
Oregon,2009,8,0.76
Oregon,2009,9,0.51
Oregon,2009,10,2.96
Oregon,2009,11,3.7
Oregon,2009,12,3.34
Oregon,2010,1,4.52
Oregon,2010,2,2.59
Oregon,2010,3,3.57
Oregon,2010,4,3.89
Oregon,2010,5,3.02
Oregon,2010,6,2.85
Oregon,2010,7,0.23
Oregon,2010,8,0.39
Oregon,2010,9,1.54
Oregon,2010,10,3.59
Oregon,2010,11,4.62
Oregon,2010,12,7.1
Oregon,2011,1,3.15
Oregon,2011,2,3.25
Oregon,2011,3,6.37
Oregon,2011,4,3.94
Oregon,2011,5,3.4
Oregon,2011,6,1.45
Oregon,2011,7,0.67
Oregon,2011,8,0.08
Oregon,2011,9,0.23
Oregon,2011,10,2.06
Oregon,2011,11,3.54
Oregon,2011,12,2.54
Oregon,2012,1,5.82
Oregon,2012,2,2.9
Oregon,2012,3,7.19
Oregon,2012,4,3.32
Oregon,2012,5,1.89
Oregon,2012,6,2.45
Oregon,2012,7,0.45
Oregon,2012,8,0.08
Oregon,2012,9,0.09
Oregon,2012,10,3.77
Oregon,2012,11,5.39
Oregon,2012,12,6.73
Oregon,2013,1,2.6
Oregon,2013,2,1.61
Oregon,2013,3,1.86
Oregon,2013,4,2.17
Oregon,2013,5,2.42
Oregon,2013,6,1.49
Oregon,2013,7,0.2
Oregon,2013,8,0.86
Oregon,2013,9,4.23
Oregon,2013,10,0.99
Oregon,2013,11,2.4
Oregon,2013,12,1.89
Oregon,2014,1,2.35
Oregon,2014,2,5.78
Oregon,2014,3,5.52
Oregon,2014,4,2.52
Oregon,2014,5,1.8
Oregon,2014,6,1.14
Oregon,2014,7,0.5
Oregon,2014,8,0.67
Oregon,2014,9,1.14
Oregon,2014,10,3.5
Oregon,2014,11,4.14
Oregon,2014,12,6.23
Oregon,2015,1,1.98
Oregon,2015,2,3.58
Oregon,2015,3,2.59
Oregon,2015,4,1.55
Oregon,2015,5,2.17
Oregon,2015,6,0.42
Oregon,2015,7,0.76
Oregon,2015,8,0.38
Oregon,2015,9,0.83
Oregon,2015,10,1.93
Oregon,2015,11,3.85
Oregon,2015,12,10.13
Oregon,2016,1,5.16
Oregon,2016,2,2.48
Oregon,2016,3,4.96
Oregon,2016,4,1.78
Oregon,2016,5,1.57
Oregon,2016,6,1.03
Oregon,2016,7,0.66
Oregon,2016,8,0.1
Oregon,2016,9,0.61
Oregon,2016,10,7.24
Oregon,2016,11,3.83
Oregon,2016,12,5.26
Oregon,2017,1,5.01
Oregon,2017,2,6.48
Oregon,2017,3,5.79
Oregon,2017,4,3.89
Oregon,2017,5,1.59
Oregon,2017,6,1.38
Oregon,2017,7,0.07
Oregon,2017,8,0.21
Oregon,2017,9,1.37
Oregon,2017,10,3.11
Oregon,2017,11,5.11
Oregon,2017,12,2.21
Oregon,2018,1,4.14
Oregon,2018,2,2.29
Oregon,2018,3,3.42
Oregon,2018,4,3.26
Oregon,2018,5,1.27
Oregon,2018,6,1.13
Oregon,2018,7,0.06
Oregon,2018,8,0.16
Oregon,2018,9,0.31
Oregon,2018,10,2.12
Oregon,2018,11,2.71
Oregon,2018,12,4.54
Oregon,2019,1,3.48
Oregon,2019,2,6.62
Oregon,2019,3,2.05
Oregon,2019,4,4.76
Oregon,2019,5,2.55
Oregon,2019,6,0.67
Oregon,2019,7,0.26
Oregon,2019,8,0.67
Oregon,2019,9,2.68
Oregon,2019,10,1.57
Oregon,2019,11,1.19
Oregon,2019,12,3.55
Oregon,2020,1,6.75
South Carolina,2000,1,5.8
South Carolina,2000,2,1.62
South Carolina,2000,3,4.08
South Carolina,2000,4,2.79
South Carolina,2000,5,1.21
South Carolina,2000,6,3.79
South Carolina,2000,7,4.83
South Carolina,2000,8,4.1
South Carolina,2000,9,7.63
South Carolina,2000,10,0.02
South Carolina,2000,11,3.5
South Carolina,2000,12,1.87
South Carolina,2001,1,2.02
South Carolina,2001,2,2.4
South Carolina,2001,3,6.38
South Carolina,2001,4,0.96
South Carolina,2001,5,2.61
South Carolina,2001,6,5.4
South Carolina,2001,7,5.24
South Carolina,2001,8,2.66
South Carolina,2001,9,3.72
South Carolina,2001,10,0.88
South Carolina,2001,11,0.98
South Carolina,2001,12,1.47
South Carolina,2002,1,3.49
South Carolina,2002,2,2.06
South Carolina,2002,3,4.28
South Carolina,2002,4,1.84
South Carolina,2002,5,3.49
South Carolina,2002,6,3.01
South Carolina,2002,7,3.25
South Carolina,2002,8,5.94
South Carolina,2002,9,5.4
South Carolina,2002,10,4.73
South Carolina,2002,11,4.42
South Carolina,2002,12,4.63
South Carolina,2003,1,1.76
South Carolina,2003,2,4.14
South Carolina,2003,3,7.52
South Carolina,2003,4,6
South Carolina,2003,5,5.72
South Carolina,2003,6,6.39
South Carolina,2003,7,8.37
South Carolina,2003,8,4.61
South Carolina,2003,9,2.98
South Carolina,2003,10,3.53
South Carolina,2003,11,1.6
South Carolina,2003,12,2.57
South Carolina,2004,1,1.77
South Carolina,2004,2,5.14
South Carolina,2004,3,0.92
South Carolina,2004,4,2.02
South Carolina,2004,5,2.89
South Carolina,2004,6,6.35
South Carolina,2004,7,4.96
South Carolina,2004,8,6.99
South Carolina,2004,9,8.26
South Carolina,2004,10,1.43
South Carolina,2004,11,2.92
South Carolina,2004,12,2.2
South Carolina,2005,1,2.02
South Carolina,2005,2,3.82
South Carolina,2005,3,4.87
South Carolina,2005,4,2.74
South Carolina,2005,5,3.77
South Carolina,2005,6,6.83
South Carolina,2005,7,5.79
South Carolina,2005,8,4.96
South Carolina,2005,9,0.65
South Carolina,2005,10,4.67
South Carolina,2005,11,3.2
South Carolina,2005,12,4.19
South Carolina,2006,1,3.29
South Carolina,2006,2,2.96
South Carolina,2006,3,1.24
South Carolina,2006,4,2.56
South Carolina,2006,5,2.54
South Carolina,2006,6,6.8
South Carolina,2006,7,2.96
South Carolina,2006,8,5.11
South Carolina,2006,9,4.55
South Carolina,2006,10,3.03
South Carolina,2006,11,4.98
South Carolina,2006,12,3.71
South Carolina,2007,1,3.66
South Carolina,2007,2,2.54
South Carolina,2007,3,2.57
South Carolina,2007,4,2.54
South Carolina,2007,5,1.44
South Carolina,2007,6,4.72
South Carolina,2007,7,3.79
South Carolina,2007,8,2.94
South Carolina,2007,9,2.25
South Carolina,2007,10,2.76
South Carolina,2007,11,0.57
South Carolina,2007,12,5.12
South Carolina,2008,1,2.88
South Carolina,2008,2,3.94
South Carolina,2008,3,3.44
South Carolina,2008,4,3.19
South Carolina,2008,5,2.74
South Carolina,2008,6,2.35
South Carolina,2008,7,4.69
South Carolina,2008,8,7.08
South Carolina,2008,9,4.03
South Carolina,2008,10,4.53
South Carolina,2008,11,3.94
South Carolina,2008,12,2.96
South Carolina,2009,1,2.05
South Carolina,2009,2,2
South Carolina,2009,3,5.11
South Carolina,2009,4,3.4
South Carolina,2009,5,5.68
South Carolina,2009,6,4.04
South Carolina,2009,7,4.25
South Carolina,2009,8,3.65
South Carolina,2009,9,2.91
South Carolina,2009,10,4.79
South Carolina,2009,11,4.63
South Carolina,2009,12,8.05
South Carolina,2010,1,4.92
South Carolina,2010,2,3.34
South Carolina,2010,3,3.06
South Carolina,2010,4,1.34
South Carolina,2010,5,3.6
South Carolina,2010,6,4.51
South Carolina,2010,7,4.86
South Carolina,2010,8,5.96
South Carolina,2010,9,4.91
South Carolina,2010,10,1.47
South Carolina,2010,11,1.23
South Carolina,2010,12,1.99
South Carolina,2011,1,1.87
South Carolina,2011,2,3.4
South Carolina,2011,3,5.02
South Carolina,2011,4,2.87
South Carolina,2011,5,2.95
South Carolina,2011,6,2.62
South Carolina,2011,7,3.89
South Carolina,2011,8,4.27
South Carolina,2011,9,4.27
South Carolina,2011,10,2.25
South Carolina,2011,11,2.85
South Carolina,2011,12,1.95
South Carolina,2012,1,2.19
South Carolina,2012,2,2.23
South Carolina,2012,3,3.64
South Carolina,2012,4,2.55
South Carolina,2012,5,5.72
South Carolina,2012,6,4.17
South Carolina,2012,7,5.51
South Carolina,2012,8,7.45
South Carolina,2012,9,2.54
South Carolina,2012,10,1.77
South Carolina,2012,11,1.46
South Carolina,2012,12,4.54
South Carolina,2013,1,2.48
South Carolina,2013,2,6.2
South Carolina,2013,3,3.35
South Carolina,2013,4,4.7
South Carolina,2013,5,3.56
South Carolina,2013,6,7.7
South Carolina,2013,7,10.38
South Carolina,2013,8,6.4
South Carolina,2013,9,2.04
South Carolina,2013,10,1.16
South Carolina,2013,11,3.16
South Carolina,2013,12,5.26
South Carolina,2014,1,3.15
South Carolina,2014,2,3.31
South Carolina,2014,3,4.34
South Carolina,2014,4,4.24
South Carolina,2014,5,3.97
South Carolina,2014,6,3.43
South Carolina,2014,7,4.62
South Carolina,2014,8,4.31
South Carolina,2014,9,5.47
South Carolina,2014,10,1.81
South Carolina,2014,11,4.44
South Carolina,2014,12,3.94
South Carolina,2015,1,3.56
South Carolina,2015,2,4.06
South Carolina,2015,3,3.18
South Carolina,2015,4,4.47
South Carolina,2015,5,1.63
South Carolina,2015,6,4.12
South Carolina,2015,7,3.47
South Carolina,2015,8,5.71
South Carolina,2015,9,4.35
South Carolina,2015,10,12.17
South Carolina,2015,11,7.24
South Carolina,2015,12,6.7
South Carolina,2016,1,2.83
South Carolina,2016,2,4.66
South Carolina,2016,3,2.21
South Carolina,2016,4,2.4
South Carolina,2016,5,5.58
South Carolina,2016,6,3.61
South Carolina,2016,7,3.78
South Carolina,2016,8,3.84
South Carolina,2016,9,6.83
South Carolina,2016,10,5.55
South Carolina,2016,11,0.99
South Carolina,2016,12,3.97
South Carolina,2017,1,4.88
South Carolina,2017,2,1.38
South Carolina,2017,3,2.34
South Carolina,2017,4,5.51
South Carolina,2017,5,5.15
South Carolina,2017,6,4.43
South Carolina,2017,7,5.5
South Carolina,2017,8,4.55
South Carolina,2017,9,4.83
South Carolina,2017,10,3.25
South Carolina,2017,11,1.19
South Carolina,2017,12,3.56
South Carolina,2018,1,2.82
South Carolina,2018,2,2.23
South Carolina,2018,3,3.11
South Carolina,2018,4,4.49
South Carolina,2018,5,6.19
South Carolina,2018,6,3.72
South Carolina,2018,7,6.03
South Carolina,2018,8,4.27
South Carolina,2018,9,6.13
South Carolina,2018,10,4.61
South Carolina,2018,11,5.72
South Carolina,2018,12,7.98
South Carolina,2019,1,3.6
South Carolina,2019,2,2.48
South Carolina,2019,3,2.52
South Carolina,2019,4,3.99
South Carolina,2019,5,2.15
South Carolina,2019,6,5.94
South Carolina,2019,7,3.91
South Carolina,2019,8,4.83
South Carolina,2019,9,2.19
South Carolina,2019,10,4.01
South Carolina,2019,11,3.48
South Carolina,2019,12,6.92
South Carolina,2020,1,4.12
California,2000,1,5.09
California,2000,2,6.93
California,2000,3,1.92
California,2000,4,1.8
California,2000,5,0.94
California,2000,6,0.31
California,2000,7,0.06
California,2000,8,0.27
California,2000,9,0.35
California,2000,10,2.2
California,2000,11,0.79
California,2000,12,0.77
California,2001,1,3.52
California,2001,2,4.42
California,2001,3,2.21
California,2001,4,1.75
California,2001,5,0.15
California,2001,6,0.23
California,2001,7,0.28
California,2001,8,0.05
California,2001,9,0.3
California,2001,10,0.65
California,2001,11,4.21
California,2001,12,5.25
California,2002,1,2.22
California,2002,2,1.45
California,2002,3,1.91
California,2002,4,0.88
California,2002,5,0.59
California,2002,6,0.07
California,2002,7,0.06
California,2002,8,0.01
California,2002,9,0.11
California,2002,10,0.06
California,2002,11,3.18
California,2002,12,8.14
California,2003,1,1.92
California,2003,2,2.66
California,2003,3,2.77
California,2003,4,3.98
California,2003,5,1.09
California,2003,6,0.04
California,2003,7,0.22
California,2003,8,0.57
California,2003,9,0.17
California,2003,10,0.09
California,2003,11,2.35
California,2003,12,5.77
California,2004,1,2.27
California,2004,2,5.88
California,2004,3,1.08
California,2004,4,0.7
California,2004,5,0.45
California,2004,6,0.08
California,2004,7,0.06
California,2004,8,0.19
California,2004,9,0.14
California,2004,10,3.72
California,2004,11,1.68
California,2004,12,5.51
California,2005,1,5.56
California,2005,2,4.03
California,2005,3,3.69
California,2005,4,1.79
California,2005,5,2.54
California,2005,6,0.67
California,2005,7,0.14
California,2005,8,0.29
California,2005,9,0.32
California,2005,10,1
California,2005,11,2.26
California,2005,12,7.81
California,2006,1,4.54
California,2006,2,2.69
California,2006,3,5.41
California,2006,4,4.16
California,2006,5,0.73
California,2006,6,0.15
California,2006,7,0.15
California,2006,8,0.06
California,2006,9,0.06
California,2006,10,0.45
California,2006,11,2.08
California,2006,12,3.13
California,2007,1,0.81
California,2007,2,4.24
California,2007,3,0.74
California,2007,4,1.27
California,2007,5,0.32
California,2007,6,0.12
California,2007,7,0.18
California,2007,8,0.12
California,2007,9,0.5
California,2007,10,1.5
California,2007,11,0.82
California,2007,12,3.21
California,2008,1,7.11
California,2008,2,2.76
California,2008,3,0.61
California,2008,4,0.34
California,2008,5,0.54
California,2008,6,0.03
California,2008,7,0.14
California,2008,8,0.12
California,2008,9,0.04
California,2008,10,0.7
California,2008,11,2.41
California,2008,12,3.05
California,2009,1,1.27
California,2009,2,4.64
California,2009,3,2.26
California,2009,4,0.57
California,2009,5,1.24
California,2009,6,0.6
California,2009,7,0.05
California,2009,8,0.12
California,2009,9,0.09
California,2009,10,2.07
California,2009,11,0.99
California,2009,12,3.15
California,2010,1,6.48
California,2010,2,3.65
California,2010,3,2.19
California,2010,4,3.47
California,2010,5,1.07
California,2010,6,0.26
California,2010,7,0.07
California,2010,8,0.1
California,2010,9,0.16
California,2010,10,3
California,2010,11,2.6
California,2010,12,8.13
California,2011,1,1.28
California,2011,2,3.34
California,2011,3,6.41
California,2011,4,1.1
California,2011,5,1.44
California,2011,6,0.92
California,2011,7,0.22
California,2011,8,0.1
California,2011,9,0.28
California,2011,10,1.54
California,2011,11,1.69
California,2011,12,0.47
California,2012,1,3.12
California,2012,2,1.22
California,2012,3,4.74
California,2012,4,2.48
California,2012,5,0.2
California,2012,6,0.32
California,2012,7,0.26
California,2012,8,0.3
California,2012,9,0.1
California,2012,10,0.99
California,2012,11,3.57
California,2012,12,6.15
California,2013,1,1.19
California,2013,2,0.58
California,2013,3,1.33
California,2013,4,0.71
California,2013,5,0.62
California,2013,6,0.38
California,2013,7,0.28
California,2013,8,0.38
California,2013,9,0.77
California,2013,10,0.26
California,2013,11,0.99
California,2013,12,0.44
California,2014,1,0.54
California,2014,2,4.02
California,2014,3,3.28
California,2014,4,1.06
California,2014,5,0.35
California,2014,6,0.06
California,2014,7,0.22
California,2014,8,0.45
California,2014,9,0.72
California,2014,10,1.06
California,2014,11,1.84
California,2014,12,6.3
California,2015,1,0.65
California,2015,2,2.86
California,2015,3,0.78
California,2015,4,1.06
California,2015,5,0.93
California,2015,6,0.23
California,2015,7,0.66
California,2015,8,0.08
California,2015,9,0.33
California,2015,10,0.9
California,2015,11,1.87
California,2015,12,4.69
California,2016,1,6.39
California,2016,2,1.21
California,2016,3,4.88
California,2016,4,1.52
California,2016,5,0.77
California,2016,6,0.27
California,2016,7,0.06
California,2016,8,0.06
California,2016,9,0.1
California,2016,10,3.82
California,2016,11,2.16
California,2016,12,4.49
California,2017,1,9.92
California,2017,2,7.94
California,2017,3,2.45
California,2017,4,2.76
California,2017,5,0.43
California,2017,6,0.26
California,2017,7,0.09
California,2017,8,0.27
California,2017,9,0.43
California,2017,10,0.34
California,2017,11,2.98
California,2017,12,0.3
California,2018,1,3.33
California,2018,2,0.57
California,2018,3,5.12
California,2018,4,2.13
California,2018,5,0.66
California,2018,6,0.07
California,2018,7,0.22
California,2018,8,0.04
California,2018,9,0.06
California,2018,10,0.7
California,2018,11,2.81
California,2018,12,2.38
California,2019,1,5.23
California,2019,2,8.57
California,2019,3,4.05
California,2019,4,1.22
California,2019,5,2.5
California,2019,6,0.09
California,2019,7,0.08
California,2019,8,0.13
California,2019,9,0.61
California,2019,10,0.16
California,2019,11,1.61
California,2019,12,4.87
California,2020,1,2.06
Texas,2000,1,1.05
Texas,2000,2,1.01
Texas,2000,3,2.36
Texas,2000,4,1.91
Texas,2000,5,3.13
Texas,2000,6,5.03
Texas,2000,7,0.7
Texas,2000,8,0.47
Texas,2000,9,1.18
Texas,2000,10,4
Texas,2000,11,5.24
Texas,2000,12,1.75
Texas,2001,1,2.35
Texas,2001,2,2.03
Texas,2001,3,3.25
Texas,2001,4,0.79
Texas,2001,5,3.02
Texas,2001,6,2.55
Texas,2001,7,0.97
Texas,2001,8,3.6
Texas,2001,9,3.23
Texas,2001,10,1.74
Texas,2001,11,3.31
Texas,2001,12,2.27
Texas,2002,1,0.96
Texas,2002,2,1.05
Texas,2002,3,1.98
Texas,2002,4,1.79
Texas,2002,5,1.9
Texas,2002,6,2.39
Texas,2002,7,4.73
Texas,2002,8,1.75
Texas,2002,9,2.99
Texas,2002,10,6.17
Texas,2002,11,1.83
Texas,2002,12,3.11
Texas,2003,1,0.58
Texas,2003,2,2.4
Texas,2003,3,1.13
Texas,2003,4,0.77
Texas,2003,5,1.5
Texas,2003,6,4.48
Texas,2003,7,2.36
Texas,2003,8,2.09
Texas,2003,9,3.91
Texas,2003,10,2.71
Texas,2003,11,1.56
Texas,2003,12,0.71
Texas,2004,1,2.17
Texas,2004,2,2.81
Texas,2004,3,2.35
Texas,2004,4,3.94
Texas,2004,5,2.39
Texas,2004,6,6.66
Texas,2004,7,2.37
Texas,2004,8,3.18
Texas,2004,9,2.55
Texas,2004,10,3.95
Texas,2004,11,6.18
Texas,2004,12,0.81
Texas,2005,1,1.89
Texas,2005,2,2.51
Texas,2005,3,1.8
Texas,2005,4,0.7
Texas,2005,5,2.89
Texas,2005,6,1.24
Texas,2005,7,3.01
Texas,2005,8,3.42
Texas,2005,9,1.41
Texas,2005,10,2.15
Texas,2005,11,0.73
Texas,2005,12,0.45
Texas,2006,1,1.06
Texas,2006,2,1.14
Texas,2006,3,2.07
Texas,2006,4,1.51
Texas,2006,5,2.2
Texas,2006,6,1.96
Texas,2006,7,2.31
Texas,2006,8,2.36
Texas,2006,9,3.27
Texas,2006,10,4.03
Texas,2006,11,0.72
Texas,2006,12,2.5
Texas,2007,1,3.55
Texas,2007,2,0.48
Texas,2007,3,4.47
Texas,2007,4,2.15
Texas,2007,5,5.54
Texas,2007,6,5.33
Texas,2007,7,5.37
Texas,2007,8,2.92
Texas,2007,9,2.68
Texas,2007,10,1.15
Texas,2007,11,1.34
Texas,2007,12,1.22
Texas,2008,1,0.94
Texas,2008,2,1.1
Texas,2008,3,2.34
Texas,2008,4,1.87
Texas,2008,5,2.29
Texas,2008,6,1.93
Texas,2008,7,2.29
Texas,2008,8,4.52
Texas,2008,9,2.85
Texas,2008,10,2.16
Texas,2008,11,0.99
Texas,2008,12,0.52
Texas,2009,1,0.4
Texas,2009,2,0.62
Texas,2009,3,2.21
Texas,2009,4,3.2
Texas,2009,5,2.3
Texas,2009,6,1.87
Texas,2009,7,3.09
Texas,2009,8,1.62
Texas,2009,9,4.2
Texas,2009,10,5.55
Texas,2009,11,1.26
Texas,2009,12,2.22
Texas,2010,1,2.37
Texas,2010,2,2.59
Texas,2010,3,1.87
Texas,2010,4,2.69
Texas,2010,5,2.27
Texas,2010,6,2.78
Texas,2010,7,5.12
Texas,2010,8,1.28
Texas,2010,9,4.31
Texas,2010,10,0.76
Texas,2010,11,1.04
Texas,2010,12,0.73
Texas,2011,1,1.55
Texas,2011,2,0.65
Texas,2011,3,0.27
Texas,2011,4,0.7
Texas,2011,5,1.56
Texas,2011,6,0.98
Texas,2011,7,0.74
Texas,2011,8,0.74
Texas,2011,9,1.14
Texas,2011,10,2.23
Texas,2011,11,1.28
Texas,2011,12,2.86
Texas,2012,1,2.27
Texas,2012,2,2.29
Texas,2012,3,3.07
Texas,2012,4,1.27
Texas,2012,5,2.88
Texas,2012,6,1.86
Texas,2012,7,2.7
Texas,2012,8,1.84
Texas,2012,9,3.95
Texas,2012,10,0.69
Texas,2012,11,0.31
Texas,2012,12,0.97
Texas,2013,1,2.46
Texas,2013,2,1.21
Texas,2013,3,0.66
Texas,2013,4,1.77
Texas,2013,5,2.42
Texas,2013,6,2.33
Texas,2013,7,3.1
Texas,2013,8,1.41
Texas,2013,9,4.05
Texas,2013,10,3.31
Texas,2013,11,1.94
Texas,2013,12,1.36
Texas,2014,1,0.37
Texas,2014,2,0.73
Texas,2014,3,1.11
Texas,2014,4,0.98
Texas,2014,5,4.1
Texas,2014,6,3.01
Texas,2014,7,2.58
Texas,2014,8,1.73
Texas,2014,9,3.59
Texas,2014,10,1.76
Texas,2014,11,2.83
Texas,2014,12,1.22
Texas,2015,1,2.67
Texas,2015,2,1.09
Texas,2015,3,3.47
Texas,2015,4,3.96
Texas,2015,5,9.05
Texas,2015,6,3.72
Texas,2015,7,1.85
Texas,2015,8,1.43
Texas,2015,9,1.43
Texas,2015,10,6.17
Texas,2015,11,3.87
Texas,2015,12,2.52
Texas,2016,1,0.95
Texas,2016,2,1.06
Texas,2016,3,2.85
Texas,2016,4,4.3
Texas,2016,5,4.86
Texas,2016,6,3.37
Texas,2016,7,1.31
Texas,2016,8,5.33
Texas,2016,9,2.96
Texas,2016,10,0.67
Texas,2016,11,2.34
Texas,2016,12,2.1
Texas,2017,1,2.28
Texas,2017,2,1.71
Texas,2017,3,1.88
Texas,2017,4,2.75
Texas,2017,5,2.54
Texas,2017,6,3.11
Texas,2017,7,2.46
Texas,2017,8,7
Texas,2017,9,2.61
Texas,2017,10,1.25
Texas,2017,11,0.73
Texas,2017,12,1.96
Texas,2018,1,0.64
Texas,2018,2,2.43
Texas,2018,3,1.96
Texas,2018,4,1.05
Texas,2018,5,2.08
Texas,2018,6,2.49
Texas,2018,7,2.15
Texas,2018,8,2.17
Texas,2018,9,6.71
Texas,2018,10,6.92
Texas,2018,11,1.78
Texas,2018,12,3.34
Texas,2019,1,1.5
Texas,2019,2,0.92
Texas,2019,3,1.21
Texas,2019,4,3.58
Texas,2019,5,5.23
Texas,2019,6,4.27
Texas,2019,7,1.29
Texas,2019,8,1.42
Texas,2019,9,2.43
Texas,2019,10,2.71
Texas,2019,11,1.42
Texas,2019,12,0.88
Texas,2020,1,1.95
Utah,2000,1,1.42
Utah,2000,2,1.92
Utah,2000,3,1.29
Utah,2000,4,0.58
Utah,2000,5,0.93
Utah,2000,6,0.49
Utah,2000,7,0.31
Utah,2000,8,1.57
Utah,2000,9,0.93
Utah,2000,10,2.77
Utah,2000,11,0.68
Utah,2000,12,0.64
Utah,2001,1,1.02
Utah,2001,2,1.24
Utah,2001,3,1.24
Utah,2001,4,1.49
Utah,2001,5,0.65
Utah,2001,6,0.37
Utah,2001,7,0.95
Utah,2001,8,1.27
Utah,2001,9,0.31
Utah,2001,10,0.51
Utah,2001,11,1.52
Utah,2001,12,1.12
Utah,2002,1,0.43
Utah,2002,2,0.28
Utah,2002,3,0.8
Utah,2002,4,0.87
Utah,2002,5,0.38
Utah,2002,6,0.15
Utah,2002,7,0.61
Utah,2002,8,0.29
Utah,2002,9,2.27
Utah,2002,10,1.32
Utah,2002,11,0.93
Utah,2002,12,0.71
Utah,2003,1,0.4
Utah,2003,2,1.47
Utah,2003,3,1.33
Utah,2003,4,0.93
Utah,2003,5,1.08
Utah,2003,6,0.56
Utah,2003,7,0.39
Utah,2003,8,1.19
Utah,2003,9,0.64
Utah,2003,10,0.43
Utah,2003,11,1.35
Utah,2003,12,1.76
Utah,2004,1,0.6
Utah,2004,2,1.89
Utah,2004,3,0.33
Utah,2004,4,1.82
Utah,2004,5,0.63
Utah,2004,6,0.66
Utah,2004,7,0.82
Utah,2004,8,0.89
Utah,2004,9,1.22
Utah,2004,10,3.43
Utah,2004,11,1.69
Utah,2004,12,1.29
Utah,2005,1,2.76
Utah,2005,2,1.61
Utah,2005,3,1.63
Utah,2005,4,1.75
Utah,2005,5,1.74
Utah,2005,6,1.43
Utah,2005,7,0.41
Utah,2005,8,1.32
Utah,2005,9,0.92
Utah,2005,10,1.38
Utah,2005,11,0.65
Utah,2005,12,1.08
Utah,2006,1,1.35
Utah,2006,2,0.56
Utah,2006,3,2.4
Utah,2006,4,1.16
Utah,2006,5,0.42
Utah,2006,6,0.42
Utah,2006,7,1.21
Utah,2006,8,0.9
Utah,2006,9,1.4
Utah,2006,10,3.08
Utah,2006,11,0.7
Utah,2006,12,0.81
Utah,2007,1,0.53
Utah,2007,2,1.05
Utah,2007,3,0.82
Utah,2007,4,0.91
Utah,2007,5,0.68
Utah,2007,6,0.39
Utah,2007,7,0.91
Utah,2007,8,1.21
Utah,2007,9,1.4
Utah,2007,10,0.85
Utah,2007,11,0.33
Utah,2007,12,2.2
Utah,2008,1,1.67
Utah,2008,2,1.53
Utah,2008,3,0.67
Utah,2008,4,0.42
Utah,2008,5,1.07
Utah,2008,6,0.65
Utah,2008,7,0.53
Utah,2008,8,0.92
Utah,2008,9,0.62
Utah,2008,10,0.82
Utah,2008,11,1.07
Utah,2008,12,1.69
Utah,2009,1,1.12
Utah,2009,2,0.98
Utah,2009,3,0.79
Utah,2009,4,1.56
Utah,2009,5,1.23
Utah,2009,6,1.74
Utah,2009,7,0.49
Utah,2009,8,0.39
Utah,2009,9,0.75
Utah,2009,10,0.79
Utah,2009,11,0.4
Utah,2009,12,1.56
Utah,2010,1,1.58
Utah,2010,2,1.11
Utah,2010,3,1.3
Utah,2010,4,1.39
Utah,2010,5,1.24
Utah,2010,6,0.79
Utah,2010,7,0.83
Utah,2010,8,1.38
Utah,2010,9,0.26
Utah,2010,10,2.57
Utah,2010,11,1.4
Utah,2010,12,3.38
Utah,2011,1,0.39
Utah,2011,2,1.21
Utah,2011,3,1.27
Utah,2011,4,2.02
Utah,2011,5,2.81
Utah,2011,6,0.54
Utah,2011,7,1.72
Utah,2011,8,0.96
Utah,2011,9,0.96
Utah,2011,10,1.42
Utah,2011,11,0.9
Utah,2011,12,0.51
Utah,2012,1,0.97
Utah,2012,2,1.04
Utah,2012,3,0.73
Utah,2012,4,0.73
Utah,2012,5,0.28
Utah,2012,6,0.03
Utah,2012,7,1.41
Utah,2012,8,1.07
Utah,2012,9,1.04
Utah,2012,10,0.96
Utah,2012,11,0.67
Utah,2012,12,1.76
Utah,2013,1,1.01
Utah,2013,2,0.52
Utah,2013,3,0.73
Utah,2013,4,1.28
Utah,2013,5,0.97
Utah,2013,6,0.02
Utah,2013,7,1.5
Utah,2013,8,1.4
Utah,2013,9,2.74
Utah,2013,10,1.01
Utah,2013,11,1.02
Utah,2013,12,1.01
Utah,2014,1,0.61
Utah,2014,2,1.06
Utah,2014,3,0.99
Utah,2014,4,0.94
Utah,2014,5,1.02
Utah,2014,6,0.24
Utah,2014,7,1.14
Utah,2014,8,2.46
Utah,2014,9,2.66
Utah,2014,10,0.2
Utah,2014,11,0.75
Utah,2014,12,1.26
Utah,2015,1,0.92
Utah,2015,2,0.63
Utah,2015,3,0.85
Utah,2015,4,0.98
Utah,2015,5,3.2
Utah,2015,6,0.97
Utah,2015,7,1.46
Utah,2015,8,1.27
Utah,2015,9,0.88
Utah,2015,10,1.8
Utah,2015,11,1.07
Utah,2015,12,1.38
Utah,2016,1,1.42
Utah,2016,2,0.62
Utah,2016,3,1.2
Utah,2016,4,1.7
Utah,2016,5,1.36
Utah,2016,6,0.33
Utah,2016,7,0.62
Utah,2016,8,0.94
Utah,2016,9,2.08
Utah,2016,10,0.89
Utah,2016,11,0.95
Utah,2016,12,1.93
Utah,2017,1,2.76
Utah,2017,2,1.54
Utah,2017,3,1.59
Utah,2017,4,1.17
Utah,2017,5,0.64
Utah,2017,6,0.16
Utah,2017,7,1.39
Utah,2017,8,0.94
Utah,2017,9,1.54
Utah,2017,10,0.18
Utah,2017,11,0.53
Utah,2017,12,0.39
Utah,2018,1,0.86
Utah,2018,2,0.83
Utah,2018,3,1.29
Utah,2018,4,0.86
Utah,2018,5,1.14
Utah,2018,6,0.05
Utah,2018,7,0.84
Utah,2018,8,1.02
Utah,2018,9,0.08
Utah,2018,10,2.93
Utah,2018,11,0.85
Utah,2018,12,0.83
Utah,2019,1,1.51
Utah,2019,2,2.31
Utah,2019,3,2.61
Utah,2019,4,1.74
Utah,2019,5,2.94
Utah,2019,6,0.49
Utah,2019,7,0.59
Utah,2019,8,0.35
Utah,2019,9,0.85
Utah,2019,10,0.24
Utah,2019,11,1.86
Utah,2019,12,1.45
Utah,2020,1,0.72
Wisconsin,2000,1,1.17
Wisconsin,2000,2,1.27
Wisconsin,2000,3,1.36
Wisconsin,2000,4,2.42
Wisconsin,2000,5,4.26
Wisconsin,2000,6,6.69
Wisconsin,2000,7,4.33
Wisconsin,2000,8,3.8
Wisconsin,2000,9,3.78
Wisconsin,2000,10,0.89
Wisconsin,2000,11,2.71
Wisconsin,2000,12,1.51
Wisconsin,2001,1,1.17
Wisconsin,2001,2,1.65
Wisconsin,2001,3,0.68
Wisconsin,2001,4,4.86
Wisconsin,2001,5,4.91
Wisconsin,2001,6,4.73
Wisconsin,2001,7,2.61
Wisconsin,2001,8,4.48
Wisconsin,2001,9,4.04
Wisconsin,2001,10,2.43
Wisconsin,2001,11,2.26
Wisconsin,2001,12,1.23
Wisconsin,2002,1,0.5
Wisconsin,2002,2,1.78
Wisconsin,2002,3,2.27
Wisconsin,2002,4,4.21
Wisconsin,2002,5,3
Wisconsin,2002,6,5.64
Wisconsin,2002,7,3.63
Wisconsin,2002,8,4.58
Wisconsin,2002,9,4.57
Wisconsin,2002,10,3.93
Wisconsin,2002,11,0.39
Wisconsin,2002,12,0.58
Wisconsin,2003,1,0.36
Wisconsin,2003,2,0.64
Wisconsin,2003,3,1.85
Wisconsin,2003,4,2.76
Wisconsin,2003,5,4.82
Wisconsin,2003,6,3.35
Wisconsin,2003,7,3.28
Wisconsin,2003,8,1.96
Wisconsin,2003,9,3.15
Wisconsin,2003,10,1.37
Wisconsin,2003,11,3.17
Wisconsin,2003,12,1.31
Wisconsin,2004,1,0.81
Wisconsin,2004,2,1.66
Wisconsin,2004,3,3.08
Wisconsin,2004,4,2.17
Wisconsin,2004,5,7.54
Wisconsin,2004,6,4.57
Wisconsin,2004,7,3.1
Wisconsin,2004,8,3.05
Wisconsin,2004,9,2.17
Wisconsin,2004,10,3.61
Wisconsin,2004,11,1.65
Wisconsin,2004,12,1.5
Wisconsin,2005,1,1.66
Wisconsin,2005,2,1.24
Wisconsin,2005,3,1.22
Wisconsin,2005,4,1.6
Wisconsin,2005,5,2.61
Wisconsin,2005,6,3.81
Wisconsin,2005,7,3.08
Wisconsin,2005,8,2.7
Wisconsin,2005,9,3.77
Wisconsin,2005,10,2.92
Wisconsin,2005,11,2.92
Wisconsin,2005,12,1.02
Wisconsin,2006,1,1.4
Wisconsin,2006,2,0.75
Wisconsin,2006,3,2.09
Wisconsin,2006,4,2.62
Wisconsin,2006,5,4.16
Wisconsin,2006,6,2.22
Wisconsin,2006,7,3.5
Wisconsin,2006,8,4.34
Wisconsin,2006,9,3.19
Wisconsin,2006,10,2.32
Wisconsin,2006,11,1.71
Wisconsin,2006,12,1.78
Wisconsin,2007,1,0.93
Wisconsin,2007,2,1.11
Wisconsin,2007,3,2.29
Wisconsin,2007,4,2.48
Wisconsin,2007,5,2.62
Wisconsin,2007,6,2.99
Wisconsin,2007,7,3.06
Wisconsin,2007,8,6.94
Wisconsin,2007,9,3.3
Wisconsin,2007,10,4.85
Wisconsin,2007,11,0.31
Wisconsin,2007,12,2.61
Wisconsin,2008,1,1.32
Wisconsin,2008,2,1.61
Wisconsin,2008,3,1.1
Wisconsin,2008,4,5.19
Wisconsin,2008,5,3.11
Wisconsin,2008,6,6.19
Wisconsin,2008,7,3.97
Wisconsin,2008,8,1.67
Wisconsin,2008,9,2.67
Wisconsin,2008,10,2.12
Wisconsin,2008,11,1.28
Wisconsin,2008,12,2.49
Wisconsin,2009,1,0.63
Wisconsin,2009,2,1.1
Wisconsin,2009,3,2.17
Wisconsin,2009,4,3.08
Wisconsin,2009,5,2.88
Wisconsin,2009,6,3.29
Wisconsin,2009,7,2.17
Wisconsin,2009,8,4.79
Wisconsin,2009,9,1.15
Wisconsin,2009,10,5.36
Wisconsin,2009,11,0.85
Wisconsin,2009,12,2.29
Wisconsin,2010,1,0.89
Wisconsin,2010,2,0.57
Wisconsin,2010,3,0.73
Wisconsin,2010,4,2.34
Wisconsin,2010,5,3.15
Wisconsin,2010,6,7.12
Wisconsin,2010,7,7.5
Wisconsin,2010,8,4.64
Wisconsin,2010,9,6.31
Wisconsin,2010,10,2.34
Wisconsin,2010,11,1.71
Wisconsin,2010,12,1.72
Wisconsin,2011,1,0.91
Wisconsin,2011,2,1.13
Wisconsin,2011,3,2.38
Wisconsin,2011,4,3.71
Wisconsin,2011,5,3.05
Wisconsin,2011,6,4.22
Wisconsin,2011,7,4.61
Wisconsin,2011,8,3.04
Wisconsin,2011,9,3.08
Wisconsin,2011,10,1.51
Wisconsin,2011,11,1.95
Wisconsin,2011,12,1.45
Wisconsin,2012,1,1.02
Wisconsin,2012,2,1.29
Wisconsin,2012,3,2
Wisconsin,2012,4,2.68
Wisconsin,2012,5,4.81
Wisconsin,2012,6,3.34
Wisconsin,2012,7,3.19
Wisconsin,2012,8,2.34
Wisconsin,2012,9,1.5
Wisconsin,2012,10,3.78
Wisconsin,2012,11,1.11
Wisconsin,2012,12,1.74
Wisconsin,2013,1,1.69
Wisconsin,2013,2,1.63
Wisconsin,2013,3,1.93
Wisconsin,2013,4,4.85
Wisconsin,2013,5,5.37
Wisconsin,2013,6,6.21
Wisconsin,2013,7,2.46
Wisconsin,2013,8,2.77
Wisconsin,2013,9,2.17
Wisconsin,2013,10,3.54
Wisconsin,2013,11,2.33
Wisconsin,2013,12,1.58
Wisconsin,2014,1,1.13
Wisconsin,2014,2,1.27
Wisconsin,2014,3,1.1
Wisconsin,2014,4,5.04
Wisconsin,2014,5,3.8
Wisconsin,2014,6,6.71
Wisconsin,2014,7,2.51
Wisconsin,2014,8,5.2
Wisconsin,2014,9,3.86
Wisconsin,2014,10,3.07
Wisconsin,2014,11,2.03
Wisconsin,2014,12,1.36
Wisconsin,2015,1,0.53
Wisconsin,2015,2,0.42
Wisconsin,2015,3,0.73
Wisconsin,2015,4,2.94
Wisconsin,2015,5,4.65
Wisconsin,2015,6,4.44
Wisconsin,2015,7,3.38
Wisconsin,2015,8,4
Wisconsin,2015,9,4.39
Wisconsin,2015,10,2.7
Wisconsin,2015,11,3.42
Wisconsin,2015,12,4.28
Wisconsin,2016,1,0.84
Wisconsin,2016,2,0.82
Wisconsin,2016,3,3.93
Wisconsin,2016,4,2.21
Wisconsin,2016,5,3.06
Wisconsin,2016,6,5.36
Wisconsin,2016,7,5.2
Wisconsin,2016,8,5.21
Wisconsin,2016,9,5.99
Wisconsin,2016,10,2.95
Wisconsin,2016,11,1.84
Wisconsin,2016,12,1.98
Wisconsin,2017,1,2.03
Wisconsin,2017,2,1.34
Wisconsin,2017,3,1.99
Wisconsin,2017,4,4.59
Wisconsin,2017,5,4.94
Wisconsin,2017,6,5.94
Wisconsin,2017,7,4.46
Wisconsin,2017,8,4.1
Wisconsin,2017,9,1.9
Wisconsin,2017,10,4.3
Wisconsin,2017,11,0.91
Wisconsin,2017,12,1.07
Wisconsin,2018,1,1.2
Wisconsin,2018,2,1.51
Wisconsin,2018,3,0.92
Wisconsin,2018,4,2.53
Wisconsin,2018,5,4.7
Wisconsin,2018,6,5.44
Wisconsin,2018,7,3.11
Wisconsin,2018,8,6.07
Wisconsin,2018,9,5.52
Wisconsin,2018,10,5.25
Wisconsin,2018,11,1.94
Wisconsin,2018,12,1.55
Wisconsin,2019,1,1.43
Wisconsin,2019,2,3.12
Wisconsin,2019,3,1.34
Wisconsin,2019,4,3.72
Wisconsin,2019,5,5.56
Wisconsin,2019,6,3.91
Wisconsin,2019,7,5.33
Wisconsin,2019,8,3.54
Wisconsin,2019,9,7.03
Wisconsin,2019,10,4.88
Wisconsin,2019,11,2.03
Wisconsin,2019,12,2.66
Wisconsin,2020,1,1.34
Florida,2000,1,2.21
Florida,2000,2,1.08
Florida,2000,3,2.56
Florida,2000,4,2.1
Florida,2000,5,0.91
Florida,2000,6,5.72
Florida,2000,7,6.45
Florida,2000,8,5.28
Florida,2000,9,8.48
Florida,2000,10,1.86
Florida,2000,11,2.02
Florida,2000,12,1.62
Florida,2001,1,1.27
Florida,2001,2,0.72
Florida,2001,3,6.52
Florida,2001,4,0.99
Florida,2001,5,2.35
Florida,2001,6,8.17
Florida,2001,7,9.4
Florida,2001,8,6.74
Florida,2001,9,10.41
Florida,2001,10,2.72
Florida,2001,11,1.57
Florida,2001,12,1.35
Florida,2002,1,3
Florida,2002,2,2.68
Florida,2002,3,2.7
Florida,2002,4,2.41
Florida,2002,5,2.36
Florida,2002,6,10.19
Florida,2002,7,7.61
Florida,2002,8,7.37
Florida,2002,9,6.63
Florida,2002,10,3.72
Florida,2002,11,3.64
Florida,2002,12,6.18
Florida,2003,1,1.5
Florida,2003,2,3.79
Florida,2003,3,6.47
Florida,2003,4,2.86
Florida,2003,5,4.25
Florida,2003,6,10.7
Florida,2003,7,7.25
Florida,2003,8,8.6
Florida,2003,9,5.96
Florida,2003,10,2.69
Florida,2003,11,2.45
Florida,2003,12,2.25
Florida,2004,1,2.28
Florida,2004,2,5.25
Florida,2004,3,1.02
Florida,2004,4,2.22
Florida,2004,5,1.77
Florida,2004,6,7.94
Florida,2004,7,6.91
Florida,2004,8,9.85
Florida,2004,9,12.52
Florida,2004,10,2.57
Florida,2004,11,2.49
Florida,2004,12,2.4
Florida,2005,1,1.76
Florida,2005,2,2.47
Florida,2005,3,5.73
Florida,2005,4,4.96
Florida,2005,5,3.96
Florida,2005,6,11.09
Florida,2005,7,7.22
Florida,2005,8,7.04
Florida,2005,9,4.29
Florida,2005,10,4.84
Florida,2005,11,2.88
Florida,2005,12,3.24
Florida,2006,1,1.47
Florida,2006,2,4.08
Florida,2006,3,0.43
Florida,2006,4,1.44
Florida,2006,5,2.67
Florida,2006,6,5.57
Florida,2006,7,6.27
Florida,2006,8,6.76
Florida,2006,9,5.25
Florida,2006,10,1.97
Florida,2006,11,1.85
Florida,2006,12,3.24
Florida,2007,1,2.53
Florida,2007,2,2.41
Florida,2007,3,1.24
Florida,2007,4,2.15
Florida,2007,5,1.37
Florida,2007,6,6.11
Florida,2007,7,7.5
Florida,2007,8,4.94
Florida,2007,9,6.2
Florida,2007,10,5.64
Florida,2007,11,1.16
Florida,2007,12,2.47
Florida,2008,1,2.85
Florida,2008,2,4.13
Florida,2008,3,3.39
Florida,2008,4,3.41
Florida,2008,5,1.58
Florida,2008,6,6.65
Florida,2008,7,8.1
Florida,2008,8,12.77
Florida,2008,9,3.19
Florida,2008,10,3.64
Florida,2008,11,1.39
Florida,2008,12,2.03
Florida,2009,1,1.85
Florida,2009,2,1.32
Florida,2009,3,2.78
Florida,2009,4,3.72
Florida,2009,5,8.91
Florida,2009,6,6.03
Florida,2009,7,6.65
Florida,2009,8,6.46
Florida,2009,9,5.88
Florida,2009,10,2.22
Florida,2009,11,2.24
Florida,2009,12,5.71
Florida,2010,1,4.23
Florida,2010,2,3.7
Florida,2010,3,5.87
Florida,2010,4,2.75
Florida,2010,5,4.22
Florida,2010,6,5.24
Florida,2010,7,6
Florida,2010,8,8.16
Florida,2010,9,4.33
Florida,2010,10,0.44
Florida,2010,11,2.07
Florida,2010,12,1.11
Florida,2011,1,4.24
Florida,2011,2,1.93
Florida,2011,3,4.06
Florida,2011,4,2.16
Florida,2011,5,1.61
Florida,2011,6,4.74
Florida,2011,7,6.96
Florida,2011,8,6.65
Florida,2011,9,5.53
Florida,2011,10,5.73
Florida,2011,11,1.41
Florida,2011,12,1.75
Florida,2012,1,1.13
Florida,2012,2,2.53
Florida,2012,3,2.34
Florida,2012,4,2.63
Florida,2012,5,5.29
Florida,2012,6,12.57
Florida,2012,7,5.84
Florida,2012,8,10.38
Florida,2012,9,5.59
Florida,2012,10,3.65
Florida,2012,11,0.43
Florida,2012,12,2.71
Florida,2013,1,0.8
Florida,2013,2,4.43
Florida,2013,3,1.94
Florida,2013,4,3.96
Florida,2013,5,4.62
Florida,2013,6,8.63
Florida,2013,7,11.68
Florida,2013,8,7.56
Florida,2013,9,6.05
Florida,2013,10,1.58
Florida,2013,11,3.11
Florida,2013,12,2.51
Florida,2014,1,3.91
Florida,2014,2,3.52
Florida,2014,3,5.2
Florida,2014,4,5.29
Florida,2014,5,4.74
Florida,2014,6,5.88
Florida,2014,7,7.18
Florida,2014,8,5.24
Florida,2014,9,8.85
Florida,2014,10,2.48
Florida,2014,11,4.06
Florida,2014,12,2.78
Florida,2015,1,2.84
Florida,2015,2,3.23
Florida,2015,3,2
Florida,2015,4,4.28
Florida,2015,5,2.39
Florida,2015,6,6.05
Florida,2015,7,7.83
Florida,2015,8,8.44
Florida,2015,9,6.67
Florida,2015,10,1.84
Florida,2015,11,3.8
Florida,2015,12,3.49
Florida,2016,1,6.05
Florida,2016,2,3.25
Florida,2016,3,3.43
Florida,2016,4,2.93
Florida,2016,5,4.62
Florida,2016,6,7.11
Florida,2016,7,4.87
Florida,2016,8,8.12
Florida,2016,9,7.43
Florida,2016,10,2.67
Florida,2016,11,0.21
Florida,2016,12,2.72
Florida,2017,1,3.71
Florida,2017,2,1.88
Florida,2017,3,1.24
Florida,2017,4,2.23
Florida,2017,5,3.84
Florida,2017,6,12.26
Florida,2017,7,7.57
Florida,2017,8,8.52
Florida,2017,9,8.87
Florida,2017,10,5.19
Florida,2017,11,1.64
Florida,2017,12,1.68
Florida,2018,1,2.96
Florida,2018,2,2.4
Florida,2018,3,2.15
Florida,2018,4,3.74
Florida,2018,5,9.31
Florida,2018,6,6.59
Florida,2018,7,8.4
Florida,2018,8,7.61
Florida,2018,9,4.91
Florida,2018,10,2.12
Florida,2018,11,3.15
Florida,2018,12,7.18
Florida,2019,1,3.98
Florida,2019,2,1.98
Florida,2019,3,1.94
Florida,2019,4,3.12
Florida,2019,5,3.41
Florida,2019,6,7.99
Florida,2019,7,7.53
Florida,2019,8,8.79
Florida,2019,9,1.73
Florida,2019,10,5.16
Florida,2019,11,1.83
Florida,2019,12,4.64
Florida,2020,1,1.54
Georgia,2000,1,4.68
Georgia,2000,2,1.8
Georgia,2000,3,4.74
Georgia,2000,4,2.7
Georgia,2000,5,1
Georgia,2000,6,3.89
Georgia,2000,7,3.55
Georgia,2000,8,4.22
Georgia,2000,9,6.68
Georgia,2000,10,0.48
Georgia,2000,11,4.3
Georgia,2000,12,3.34
Georgia,2001,1,2.83
Georgia,2001,2,2.02
Georgia,2001,3,8.97
Georgia,2001,4,1.84
Georgia,2001,5,2.7
Georgia,2001,6,7.38
Georgia,2001,7,5.23
Georgia,2001,8,2.93
Georgia,2001,9,3.92
Georgia,2001,10,0.86
Georgia,2001,11,1.37
Georgia,2001,12,1.75
Georgia,2002,1,4.11
Georgia,2002,2,2.33
Georgia,2002,3,5.6
Georgia,2002,4,2.18
Georgia,2002,5,3.15
Georgia,2002,6,3.51
Georgia,2002,7,4.42
Georgia,2002,8,3.72
Georgia,2002,9,6.13
Georgia,2002,10,4.43
Georgia,2002,11,4.88
Georgia,2002,12,5.26
Georgia,2003,1,1.77
Georgia,2003,2,5.31
Georgia,2003,3,7.33
Georgia,2003,4,4.73
Georgia,2003,5,6.33
Georgia,2003,6,7.22
Georgia,2003,7,7.59
Georgia,2003,8,5.78
Georgia,2003,9,2.88
Georgia,2003,10,2.99
Georgia,2003,11,2.82
Georgia,2003,12,2.48
Georgia,2004,1,2.85
Georgia,2004,2,5.34
Georgia,2004,3,0.92
Georgia,2004,4,2.1
Georgia,2004,5,3
Georgia,2004,6,7.32
Georgia,2004,7,4.31
Georgia,2004,8,4.78
Georgia,2004,9,12.02
Georgia,2004,10,1.85
Georgia,2004,11,4.65
Georgia,2004,12,3.02
Georgia,2005,1,2.22
Georgia,2005,2,4.31
Georgia,2005,3,6.93
Georgia,2005,4,4.96
Georgia,2005,5,3.03
Georgia,2005,6,7.62
Georgia,2005,7,8.22
Georgia,2005,8,6.04
Georgia,2005,9,0.99
Georgia,2005,10,3.31
Georgia,2005,11,2.92
Georgia,2005,12,4.19
Georgia,2006,1,4.1
Georgia,2006,2,4.35
Georgia,2006,3,1.54
Georgia,2006,4,2.48
Georgia,2006,5,2.66
Georgia,2006,6,3.58
Georgia,2006,7,3.05
Georgia,2006,8,4.35
Georgia,2006,9,3.41
Georgia,2006,10,3.01
Georgia,2006,11,3.01
Georgia,2006,12,3.46
Georgia,2007,1,4.24
Georgia,2007,2,2.74
Georgia,2007,3,2.17
Georgia,2007,4,1.79
Georgia,2007,5,0.59
Georgia,2007,6,4.49
Georgia,2007,7,5.33
Georgia,2007,8,4.06
Georgia,2007,9,3.1
Georgia,2007,10,2.72
Georgia,2007,11,1.32
Georgia,2007,12,5.52
Georgia,2008,1,3.4
Georgia,2008,2,5.67
Georgia,2008,3,3.63
Georgia,2008,4,3.24
Georgia,2008,5,2.61
Georgia,2008,6,2.52
Georgia,2008,7,4.87
Georgia,2008,8,7.45
Georgia,2008,9,1.19
Georgia,2008,10,4.44
Georgia,2008,11,3.59
Georgia,2008,12,4.38
Georgia,2009,1,2.65
Georgia,2009,2,2.29
Georgia,2009,3,6.62
Georgia,2009,4,6.73
Georgia,2009,5,6.39
Georgia,2009,6,2.81
Georgia,2009,7,3.62
Georgia,2009,8,5.65
Georgia,2009,9,5.95
Georgia,2009,10,5.75
Georgia,2009,11,3.94
Georgia,2009,12,9.08
Georgia,2010,1,6.05
Georgia,2010,2,3.57
Georgia,2010,3,3.68
Georgia,2010,4,2.36
Georgia,2010,5,5.15
Georgia,2010,6,4.27
Georgia,2010,7,3.71
Georgia,2010,8,5.15
Georgia,2010,9,3.27
Georgia,2010,10,1.48
Georgia,2010,11,2.08
Georgia,2010,12,2.27
Georgia,2011,1,3.33
Georgia,2011,2,3.7
Georgia,2011,3,5.97
Georgia,2011,4,2.84
Georgia,2011,5,1.15
Georgia,2011,6,3.63
Georgia,2011,7,4.54
Georgia,2011,8,2.44
Georgia,2011,9,3.86
Georgia,2011,10,2.59
Georgia,2011,11,2.83
Georgia,2011,12,3.23
Georgia,2012,1,3.04
Georgia,2012,2,2.92
Georgia,2012,3,4.24
Georgia,2012,4,1.59
Georgia,2012,5,3.99
Georgia,2012,6,4.73
Georgia,2012,7,4.44
Georgia,2012,8,6.25
Georgia,2012,9,2.91
Georgia,2012,10,1.91
Georgia,2012,11,1.07
Georgia,2012,12,4.93
Georgia,2013,1,3.32
Georgia,2013,2,9.62
Georgia,2013,3,3.99
Georgia,2013,4,5.09
Georgia,2013,5,3.78
Georgia,2013,6,7.56
Georgia,2013,7,9.6
Georgia,2013,8,7.6
Georgia,2013,9,2.37
Georgia,2013,10,0.94
Georgia,2013,11,3.23
Georgia,2013,12,6.39
Georgia,2014,1,3.33
Georgia,2014,2,4.06
Georgia,2014,3,4.41
Georgia,2014,4,7.35
Georgia,2014,5,3.87
Georgia,2014,6,3.64
Georgia,2014,7,3.96
Georgia,2014,8,3.37
Georgia,2014,9,4.97
Georgia,2014,10,2.78
Georgia,2014,11,4.36
Georgia,2014,12,5.31
Georgia,2015,1,3.64
Georgia,2015,2,4.49
Georgia,2015,3,2.81
Georgia,2015,4,6.2
Georgia,2015,5,2.17
Georgia,2015,6,4.25
Georgia,2015,7,4.65
Georgia,2015,8,5.78
Georgia,2015,9,3.75
Georgia,2015,10,3.23
Georgia,2015,11,6.28
Georgia,2015,12,8.49
Georgia,2016,1,3.78
Georgia,2016,2,4.87
Georgia,2016,3,3.03
Georgia,2016,4,4.16
Georgia,2016,5,2.78
Georgia,2016,6,4.02
Georgia,2016,7,2.75
Georgia,2016,8,4
Georgia,2016,9,3.49
Georgia,2016,10,1.39
Georgia,2016,11,0.95
Georgia,2016,12,5.68
Georgia,2017,1,7.72
Georgia,2017,2,2.09
Georgia,2017,3,2.11
Georgia,2017,4,3.74
Georgia,2017,5,5.6
Georgia,2017,6,6.36
Georgia,2017,7,4.86
Georgia,2017,8,4.58
Georgia,2017,9,5.01
Georgia,2017,10,3.54
Georgia,2017,11,1
Georgia,2017,12,3.19
Georgia,2018,1,2.82
Georgia,2018,2,4.29
Georgia,2018,3,3.55
Georgia,2018,4,4.16
Georgia,2018,5,6.67
Georgia,2018,6,5.06
Georgia,2018,7,6.26
Georgia,2018,8,5.54
Georgia,2018,9,2.75
Georgia,2018,10,3.83
Georgia,2018,11,6.24
Georgia,2018,12,9.63
Georgia,2019,1,4.94
Georgia,2019,2,3.26
Georgia,2019,3,2.95
Georgia,2019,4,3.93
Georgia,2019,5,2.3
Georgia,2019,6,5.95
Georgia,2019,7,3.93
Georgia,2019,8,4.53
Georgia,2019,9,0.89
Georgia,2019,10,5.49
Georgia,2019,11,3.18
Georgia,2019,12,6.54
Georgia,2020,1,4.9
