state,year,month,average_temp
Illinois,2000,1,27.3
Illinois,2000,2,37.4
Illinois,2000,3,46.2
Illinois,2000,4,51.5
Illinois,2000,5,65.1
Illinois,2000,6,70.3
Illinois,2000,7,73.2
Illinois,2000,8,74.6
Illinois,2000,9,66.3
Illinois,2000,10,58
Illinois,2000,11,38.9
Illinois,2000,12,17.6
Illinois,2001,1,25.7
Illinois,2001,2,30.9
Illinois,2001,3,37.1
Illinois,2001,4,57.6
Illinois,2001,5,64.8
Illinois,2001,6,69.8
Illinois,2001,7,75.9
Illinois,2001,8,74.6
Illinois,2001,9,64.4
Illinois,2001,10,53.8
Illinois,2001,11,49.9
Illinois,2001,12,35.8
Illinois,2002,1,33.6
Illinois,2002,2,34.6
Illinois,2002,3,37.8
Illinois,2002,4,53.5
Illinois,2002,5,59.1
Illinois,2002,6,73.9
Illinois,2002,7,78.2
Illinois,2002,8,75
Illinois,2002,9,69.3
Illinois,2002,10,52.1
Illinois,2002,11,39.6
Illinois,2002,12,32.2
Illinois,2003,1,22.8
Illinois,2003,2,26.4
Illinois,2003,3,41.6
Illinois,2003,4,53.5
Illinois,2003,5,61.1
Illinois,2003,6,67.9
Illinois,2003,7,74.8
Illinois,2003,8,75.3
Illinois,2003,9,64.1
Illinois,2003,10,54.5
Illinois,2003,11,44.8
Illinois,2003,12,33.8
Illinois,2004,1,24.7
Illinois,2004,2,30
Illinois,2004,3,45.4
Illinois,2004,4,54.1
Illinois,2004,5,65.7
Illinois,2004,6,70
Illinois,2004,7,72.8
Illinois,2004,8,68.6
Illinois,2004,9,67.7
Illinois,2004,10,55.4
Illinois,2004,11,45.6
Illinois,2004,12,31
Illinois,2005,1,29.2
Illinois,2005,2,36.1
Illinois,2005,3,39
Illinois,2005,4,55.4
Illinois,2005,5,60.9
Illinois,2005,6,75
Illinois,2005,7,76.3
Illinois,2005,8,75.6
Illinois,2005,9,70.7
Illinois,2005,10,55.7
Illinois,2005,11,44.5
Illinois,2005,12,26
Illinois,2006,1,38.1
Illinois,2006,2,30.9
Illinois,2006,3,41.8
Illinois,2006,4,57
Illinois,2006,5,62.3
Illinois,2006,6,71.4
Illinois,2006,7,77.1
Illinois,2006,8,74.7
Illinois,2006,9,63.7
Illinois,2006,10,51.3
Illinois,2006,11,44.4
Illinois,2006,12,35.3
Illinois,2007,1,30.3
Illinois,2007,2,21.7
Illinois,2007,3,48
Illinois,2007,4,50.2
Illinois,2007,5,67.6
Illinois,2007,6,72.7
Illinois,2007,7,73.3
Illinois,2007,8,78.2
Illinois,2007,9,69.8
Illinois,2007,10,59.9
Illinois,2007,11,42.2
Illinois,2007,12,30.2
Illinois,2008,1,26.9
Illinois,2008,2,26
Illinois,2008,3,39
Illinois,2008,4,51.4
Illinois,2008,5,59
Illinois,2008,6,73.2
Illinois,2008,7,74.5
Illinois,2008,8,71.8
Illinois,2008,9,67.1
Illinois,2008,10,54.2
Illinois,2008,11,41.1
Illinois,2008,12,26.8
Illinois,2009,1,20.6
Illinois,2009,2,32.5
Illinois,2009,3,43.6
Illinois,2009,4,51.4
Illinois,2009,5,62.8
Illinois,2009,6,72.7
Illinois,2009,7,70.3
Illinois,2009,8,70.9
Illinois,2009,9,65.9
Illinois,2009,10,50.1
Illinois,2009,11,47.2
Illinois,2009,12,29.1
Illinois,2010,1,21.5
Illinois,2010,2,25.7
Illinois,2010,3,43.8
Illinois,2010,4,58.7
Illinois,2010,5,64.3
Illinois,2010,6,74.9
Illinois,2010,7,77.6
Illinois,2010,8,76.8
Illinois,2010,9,67.2
Illinois,2010,10,56.5
Illinois,2010,11,43.7
Illinois,2010,12,24
Illinois,2011,1,22.7
Illinois,2011,2,30.2
Illinois,2011,3,41.6
Illinois,2011,4,53.1
Illinois,2011,5,62.1
Illinois,2011,6,72.9
Illinois,2011,7,79.9
Illinois,2011,8,74.8
Illinois,2011,9,63.6
Illinois,2011,10,55.2
Illinois,2011,11,45.8
Illinois,2011,12,35.9
Illinois,2012,1,31.9
Illinois,2012,2,35.8
Illinois,2012,3,55.5
Illinois,2012,4,54.6
Illinois,2012,5,68.1
Illinois,2012,6,72.6
Illinois,2012,7,81.8
Illinois,2012,8,73.6
Illinois,2012,9,64.9
Illinois,2012,10,52.5
Illinois,2012,11,41.2
Illinois,2012,12,36.8
Illinois,2013,1,29.2
Illinois,2013,2,29.9
Illinois,2013,3,34.3
Illinois,2013,4,50.2
Illinois,2013,5,63.9
Illinois,2013,6,71.5
Illinois,2013,7,73.1
Illinois,2013,8,72.8
Illinois,2013,9,68.6
Illinois,2013,10,54.5
Illinois,2013,11,38.8
Illinois,2013,12,26.2
Illinois,2014,1,19.3
Illinois,2014,2,19.4
Illinois,2014,3,34.4
Illinois,2014,4,52.4
Illinois,2014,5,63.7
Illinois,2014,6,73
Illinois,2014,7,70.3
Illinois,2014,8,73.8
Illinois,2014,9,64.7
Illinois,2014,10,54.3
Illinois,2014,11,34.6
Illinois,2014,12,33.9
Illinois,2015,1,25.7
Illinois,2015,2,19.4
Illinois,2015,3,38.3
Illinois,2015,4,54.3
Illinois,2015,5,64.9
Illinois,2015,6,71.7
Illinois,2015,7,74.2
Illinois,2015,8,71.9
Illinois,2015,9,70.4
Illinois,2015,10,56
Illinois,2015,11,46.6
Illinois,2015,12,41.1
Illinois,2016,1,26.9
Illinois,2016,2,33.8
Illinois,2016,3,47.3
Illinois,2016,4,53
Illinois,2016,5,62
Illinois,2016,6,74.8
Illinois,2016,7,75.6
Illinois,2016,8,75.7
Illinois,2016,9,70.8
Illinois,2016,10,59.9
Illinois,2016,11,48.1
Illinois,2016,12,28.9
Illinois,2017,1,32.1
Illinois,2017,2,41.1
Illinois,2017,3,43.2
Illinois,2017,4,56.5
Illinois,2017,5,61.9
Illinois,2017,6,72.7
Illinois,2017,7,76.1
Illinois,2017,8,70.5
Illinois,2017,9,68.8
Illinois,2017,10,58.1
Illinois,2017,11,41.9
Illinois,2017,12,29.8
Illinois,2018,1,24.1
Illinois,2018,2,31.8
Illinois,2018,3,39.2
Illinois,2018,4,44.8
Illinois,2018,5,70.7
Illinois,2018,6,74.9
Illinois,2018,7,75
Illinois,2018,8,74.7
Illinois,2018,9,70.3
Illinois,2018,10,54.2
Illinois,2018,11,35.6
Illinois,2018,12,34.4
Illinois,2019,1,25.4
Illinois,2019,2,29.3
Illinois,2019,3,37.4
Illinois,2019,4,52.5
Illinois,2019,5,62.5
Illinois,2019,6,70.9
Illinois,2019,7,77.4
Illinois,2019,8,72.8
Illinois,2019,9,71.6
Illinois,2019,10,53.7
Illinois,2019,11,36.2
Illinois,2019,12,35.6
Illinois,2020,1,31.9
Iowa,2000,1,21.6
Iowa,2000,2,32.5
Iowa,2000,3,43.1
Iowa,2000,4,49.4
Iowa,2000,5,62.8
Iowa,2000,6,67.7
Iowa,2000,7,72.2
Iowa,2000,8,72.7
Iowa,2000,9,64.6
Iowa,2000,10,54.8
Iowa,2000,11,32.2
Iowa,2000,12,10
Iowa,2001,1,20.8
Iowa,2001,2,18.1
Iowa,2001,3,30.2
Iowa,2001,4,52.7
Iowa,2001,5,60.9
Iowa,2001,6,68.3
Iowa,2001,7,75.1
Iowa,2001,8,72.5
Iowa,2001,9,61.2
Iowa,2001,10,50.2
Iowa,2001,11,48
Iowa,2001,12,30.7
Iowa,2002,1,28.6
Iowa,2002,2,29.8
Iowa,2002,3,31
Iowa,2002,4,48.9
Iowa,2002,5,56.8
Iowa,2002,6,72.4
Iowa,2002,7,76.5
Iowa,2002,8,70.9
Iowa,2002,9,65.3
Iowa,2002,10,46.2
Iowa,2002,11,34.7
Iowa,2002,12,28.9
Iowa,2003,1,19.1
Iowa,2003,2,20.4
Iowa,2003,3,35.1
Iowa,2003,4,50.4
Iowa,2003,5,57.9
Iowa,2003,6,67.3
Iowa,2003,7,73.1
Iowa,2003,8,74.1
Iowa,2003,9,61.1
Iowa,2003,10,52.4
Iowa,2003,11,35.9
Iowa,2003,12,28.2
Iowa,2004,1,17.7
Iowa,2004,2,22.7
Iowa,2004,3,40.8
Iowa,2004,4,51.1
Iowa,2004,5,60.7
Iowa,2004,6,67
Iowa,2004,7,70.5
Iowa,2004,8,66.2
Iowa,2004,9,66.4
Iowa,2004,10,51.9
Iowa,2004,11,40.6
Iowa,2004,12,26.6
Iowa,2005,1,18.9
Iowa,2005,2,31.2
Iowa,2005,3,36
Iowa,2005,4,53.4
Iowa,2005,5,57.8
Iowa,2005,6,72.6
Iowa,2005,7,74.7
Iowa,2005,8,71.5
Iowa,2005,9,67.6
Iowa,2005,10,52.6
Iowa,2005,11,39.6
Iowa,2005,12,19.5
Iowa,2006,1,32.4
Iowa,2006,2,25.1
Iowa,2006,3,36.5
Iowa,2006,4,53.8
Iowa,2006,5,60.6
Iowa,2006,6,70
Iowa,2006,7,75.9
Iowa,2006,8,72.1
Iowa,2006,9,60
Iowa,2006,10,47.9
Iowa,2006,11,39.3
Iowa,2006,12,31.1
Iowa,2007,1,21.6
Iowa,2007,2,15.5
Iowa,2007,3,41.8
Iowa,2007,4,46.7
Iowa,2007,5,64.7
Iowa,2007,6,70.4
Iowa,2007,7,73.7
Iowa,2007,8,74.2
Iowa,2007,9,64.7
Iowa,2007,10,55.9
Iowa,2007,11,37.2
Iowa,2007,12,20.3
Iowa,2008,1,16.6
Iowa,2008,2,17
Iowa,2008,3,32.6
Iowa,2008,4,46
Iowa,2008,5,57.4
Iowa,2008,6,69.3
Iowa,2008,7,73.1
Iowa,2008,8,69.9
Iowa,2008,9,63.5
Iowa,2008,10,50.7
Iowa,2008,11,37.3
Iowa,2008,12,17.6
Iowa,2009,1,13.2
Iowa,2009,2,26.7
Iowa,2009,3,37.1
Iowa,2009,4,47
Iowa,2009,5,59.8
Iowa,2009,6,68.9
Iowa,2009,7,68
Iowa,2009,8,68.3
Iowa,2009,9,63.3
Iowa,2009,10,44.9
Iowa,2009,11,43.4
Iowa,2009,12,19.8
Iowa,2010,1,13.6
Iowa,2010,2,17.3
Iowa,2010,3,38.4
Iowa,2010,4,55.2
Iowa,2010,5,59.9
Iowa,2010,6,70.8
Iowa,2010,7,74.6
Iowa,2010,8,74.4
Iowa,2010,9,63.1
Iowa,2010,10,53.9
Iowa,2010,11,38
Iowa,2010,12,19.1
Iowa,2011,1,14.8
Iowa,2011,2,22.6
Iowa,2011,3,35.1
Iowa,2011,4,47.6
Iowa,2011,5,59.1
Iowa,2011,6,69.6
Iowa,2011,7,78
Iowa,2011,8,72
Iowa,2011,9,60.2
Iowa,2011,10,53.4
Iowa,2011,11,39.4
Iowa,2011,12,29.1
Iowa,2012,1,26.5
Iowa,2012,2,29.6
Iowa,2012,3,51.6
Iowa,2012,4,52.4
Iowa,2012,5,65
Iowa,2012,6,71.4
Iowa,2012,7,79.6
Iowa,2012,8,71
Iowa,2012,9,62.1
Iowa,2012,10,48.8
Iowa,2012,11,39.2
Iowa,2012,12,27.7
Iowa,2013,1,22
Iowa,2013,2,24.2
Iowa,2013,3,29
Iowa,2013,4,43.8
Iowa,2013,5,59
Iowa,2013,6,68.9
Iowa,2013,7,72.3
Iowa,2013,8,71.9
Iowa,2013,9,67
Iowa,2013,10,50.5
Iowa,2013,11,33.9
Iowa,2013,12,17.4
Iowa,2014,1,14.2
Iowa,2014,2,13.2
Iowa,2014,3,29.7
Iowa,2014,4,47.5
Iowa,2014,5,60
Iowa,2014,6,70.2
Iowa,2014,7,68.8
Iowa,2014,8,71.2
Iowa,2014,9,62
Iowa,2014,10,51.2
Iowa,2014,11,29.3
Iowa,2014,12,28.2
Iowa,2015,1,21.6
Iowa,2015,2,14.5
Iowa,2015,3,37.3
Iowa,2015,4,51.1
Iowa,2015,5,60
Iowa,2015,6,69.4
Iowa,2015,7,72
Iowa,2015,8,68.9
Iowa,2015,9,68.4
Iowa,2015,10,53
Iowa,2015,11,42
Iowa,2015,12,33
Iowa,2016,1,19.6
Iowa,2016,2,28.6
Iowa,2016,3,42.4
Iowa,2016,4,50.1
Iowa,2016,5,59.5
Iowa,2016,6,73
Iowa,2016,7,72.8
Iowa,2016,8,72
Iowa,2016,9,67.3
Iowa,2016,10,55.3
Iowa,2016,11,45.1
Iowa,2016,12,22.9
Iowa,2017,1,24.2
Iowa,2017,2,34.5
Iowa,2017,3,37.5
Iowa,2017,4,51.1
Iowa,2017,5,58.5
Iowa,2017,6,71.1
Iowa,2017,7,74.7
Iowa,2017,8,67.8
Iowa,2017,9,66.7
Iowa,2017,10,53.3
Iowa,2017,11,36.2
Iowa,2017,12,24.4
Iowa,2018,1,17.8
Iowa,2018,2,20.5
Iowa,2018,3,35.2
Iowa,2018,4,39.3
Iowa,2018,5,67
Iowa,2018,6,73.1
Iowa,2018,7,73.1
Iowa,2018,8,71.8
Iowa,2018,9,65.9
Iowa,2018,10,48.2
Iowa,2018,11,30
Iowa,2018,12,28
Iowa,2019,1,18.7
Iowa,2019,2,15.4
Iowa,2019,3,31.2
Iowa,2019,4,49.2
Iowa,2019,5,56.6
Iowa,2019,6,69.3
Iowa,2019,7,75.1
Iowa,2019,8,69.6
Iowa,2019,9,68.2
Iowa,2019,10,47.2
Iowa,2019,11,32.4
Iowa,2019,12,29.2
Iowa,2020,1,23.1
Kansas,2000,1,33.3
Kansas,2000,2,41
Kansas,2000,3,46.3
Kansas,2000,4,53.8
Kansas,2000,5,66.5
Kansas,2000,6,72
Kansas,2000,7,79
Kansas,2000,8,83
Kansas,2000,9,71.1
Kansas,2000,10,59.4
Kansas,2000,11,36.8
Kansas,2000,12,24.2
Kansas,2001,1,31
Kansas,2001,2,30.4
Kansas,2001,3,41.1
Kansas,2001,4,58.3
Kansas,2001,5,65.1
Kansas,2001,6,72.9
Kansas,2001,7,83
Kansas,2001,8,79
Kansas,2001,9,67.9
Kansas,2001,10,56.2
Kansas,2001,11,49.2
Kansas,2001,12,36.9
Kansas,2002,1,33.8
Kansas,2002,2,35.9
Kansas,2002,3,39.2
Kansas,2002,4,56.4
Kansas,2002,5,62.1
Kansas,2002,6,76.9
Kansas,2002,7,80.7
Kansas,2002,8,78.4
Kansas,2002,9,70.4
Kansas,2002,10,50.5
Kansas,2002,11,42.4
Kansas,2002,12,35.5
Kansas,2003,1,31.8
Kansas,2003,2,31.3
Kansas,2003,3,44.2
Kansas,2003,4,56.1
Kansas,2003,5,62.9
Kansas,2003,6,70.4
Kansas,2003,7,81.8
Kansas,2003,8,80.2
Kansas,2003,9,65.1
Kansas,2003,10,58.3
Kansas,2003,11,42.2
Kansas,2003,12,35.3
Kansas,2004,1,30.4
Kansas,2004,2,31.8
Kansas,2004,3,49.2
Kansas,2004,4,54.9
Kansas,2004,5,66.9
Kansas,2004,6,71.2
Kansas,2004,7,75.2
Kansas,2004,8,72.7
Kansas,2004,9,70.8
Kansas,2004,10,57.8
Kansas,2004,11,44.2
Kansas,2004,12,35.7
Kansas,2005,1,29.9
Kansas,2005,2,39.2
Kansas,2005,3,44.7
Kansas,2005,4,55
Kansas,2005,5,64.1
Kansas,2005,6,74.7
Kansas,2005,7,78.7
Kansas,2005,8,77.3
Kansas,2005,9,72.2
Kansas,2005,10,57.7
Kansas,2005,11,46.4
Kansas,2005,12,30.8
Kansas,2006,1,41.3
Kansas,2006,2,34.5
Kansas,2006,3,45.6
Kansas,2006,4,59.6
Kansas,2006,5,65.8
Kansas,2006,6,75.8
Kansas,2006,7,81.1
Kansas,2006,8,78.8
Kansas,2006,9,64.4
Kansas,2006,10,55.1
Kansas,2006,11,44.6
Kansas,2006,12,35.9
Kansas,2007,1,27
Kansas,2007,2,30
Kansas,2007,3,52.3
Kansas,2007,4,50.9
Kansas,2007,5,65.9
Kansas,2007,6,72.3
Kansas,2007,7,78
Kansas,2007,8,81.5
Kansas,2007,9,70.5
Kansas,2007,10,59.1
Kansas,2007,11,44.1
Kansas,2007,12,29.3
Kansas,2008,1,30
Kansas,2008,2,32.3
Kansas,2008,3,43.2
Kansas,2008,4,50.5
Kansas,2008,5,63
Kansas,2008,6,73.8
Kansas,2008,7,78.6
Kansas,2008,8,75.2
Kansas,2008,9,66.4
Kansas,2008,10,55.4
Kansas,2008,11,44.6
Kansas,2008,12,29.9
Kansas,2009,1,31.4
Kansas,2009,2,39.7
Kansas,2009,3,44.4
Kansas,2009,4,52.1
Kansas,2009,5,63
Kansas,2009,6,74.4
Kansas,2009,7,75.6
Kansas,2009,8,74.4
Kansas,2009,9,65.3
Kansas,2009,10,48.8
Kansas,2009,11,47.6
Kansas,2009,12,26.5
Kansas,2010,1,27.2
Kansas,2010,2,29.9
Kansas,2010,3,44.2
Kansas,2010,4,57.8
Kansas,2010,5,62.1
Kansas,2010,6,77
Kansas,2010,7,79.6
Kansas,2010,8,79.7
Kansas,2010,9,70.8
Kansas,2010,10,59.1
Kansas,2010,11,43.6
Kansas,2010,12,32.3
Kansas,2011,1,27.3
Kansas,2011,2,30.2
Kansas,2011,3,44.1
Kansas,2011,4,55.2
Kansas,2011,5,62.6
Kansas,2011,6,76.8
Kansas,2011,7,84.9
Kansas,2011,8,80.9
Kansas,2011,9,66.2
Kansas,2011,10,57.5
Kansas,2011,11,43.7
Kansas,2011,12,33.1
Kansas,2012,1,36.1
Kansas,2012,2,37.1
Kansas,2012,3,55.5
Kansas,2012,4,59.2
Kansas,2012,5,69
Kansas,2012,6,77.5
Kansas,2012,7,84.4
Kansas,2012,8,76.5
Kansas,2012,9,68.2
Kansas,2012,10,54
Kansas,2012,11,46.5
Kansas,2012,12,34.6
Kansas,2013,1,32.3
Kansas,2013,2,33.6
Kansas,2013,3,40.3
Kansas,2013,4,48.4
Kansas,2013,5,63.3
Kansas,2013,6,75.2
Kansas,2013,7,77.2
Kansas,2013,8,76.5
Kansas,2013,9,72.1
Kansas,2013,10,55.2
Kansas,2013,11,41.3
Kansas,2013,12,29.2
Kansas,2014,1,29.6
Kansas,2014,2,27.8
Kansas,2014,3,40.6
Kansas,2014,4,54
Kansas,2014,5,64.7
Kansas,2014,6,73.6
Kansas,2014,7,75.4
Kansas,2014,8,78.3
Kansas,2014,9,68.2
Kansas,2014,10,58.9
Kansas,2014,11,38.5
Kansas,2014,12,34.6
Kansas,2015,1,32.1
Kansas,2015,2,31.2
Kansas,2015,3,46.8
Kansas,2015,4,56.4
Kansas,2015,5,61.7
Kansas,2015,6,75.8
Kansas,2015,7,78.9
Kansas,2015,8,75.2
Kansas,2015,9,74.2
Kansas,2015,10,59.2
Kansas,2015,11,46.5
Kansas,2015,12,37.6
Kansas,2016,1,32
Kansas,2016,2,40.8
Kansas,2016,3,49.7
Kansas,2016,4,56.3
Kansas,2016,5,61.6
Kansas,2016,6,77.5
Kansas,2016,7,79.7
Kansas,2016,8,76.4
Kansas,2016,9,70.8
Kansas,2016,10,61.5
Kansas,2016,11,49.9
Kansas,2016,12,29.8
Kansas,2017,1,33
Kansas,2017,2,43.1
Kansas,2017,3,48.9
Kansas,2017,4,55.6
Kansas,2017,5,62.2
Kansas,2017,6,75.1
Kansas,2017,7,80.1
Kansas,2017,8,73.1
Kansas,2017,9,70.5
Kansas,2017,10,57.6
Kansas,2017,11,45.2
Kansas,2017,12,33.6
Kansas,2018,1,29.9
Kansas,2018,2,31.9
Kansas,2018,3,45.9
Kansas,2018,4,47.6
Kansas,2018,5,71.1
Kansas,2018,6,78.2
Kansas,2018,7,78.7
Kansas,2018,8,75.7
Kansas,2018,9,70.1
Kansas,2018,10,53.6
Kansas,2018,11,38.2
Kansas,2018,12,34.3
Kansas,2019,1,31.3
Kansas,2019,2,28
Kansas,2019,3,39.5
Kansas,2019,4,55.5
Kansas,2019,5,60.5
Kansas,2019,6,72.4
Kansas,2019,7,78.7
Kansas,2019,8,77.2
Kansas,2019,9,75.3
Kansas,2019,10,51.2
Kansas,2019,11,40.3
Kansas,2019,12,36.7
Kansas,2020,1,34
Maryland,2000,1,32.5
Maryland,2000,2,38.7
Maryland,2000,3,48.4
Maryland,2000,4,52.7
Maryland,2000,5,64.9
Maryland,2000,6,72.4
Maryland,2000,7,72
Maryland,2000,8,72.6
Maryland,2000,9,65.7
Maryland,2000,10,57.2
Maryland,2000,11,43.3
Maryland,2000,12,29.2
Maryland,2001,1,32.2
Maryland,2001,2,38
Maryland,2001,3,40.4
Maryland,2001,4,54.5
Maryland,2001,5,62.6
Maryland,2001,6,72.4
Maryland,2001,7,72.3
Maryland,2001,8,76
Maryland,2001,9,65.6
Maryland,2001,10,56.5
Maryland,2001,11,50.8
Maryland,2001,12,42.6
Maryland,2002,1,39
Maryland,2002,2,39.8
Maryland,2002,3,45.4
Maryland,2002,4,56.6
Maryland,2002,5,62
Maryland,2002,6,73
Maryland,2002,7,77.6
Maryland,2002,8,77.2
Maryland,2002,9,69.4
Maryland,2002,10,56.3
Maryland,2002,11,44.7
Maryland,2002,12,34.3
Maryland,2003,1,28.6
Maryland,2003,2,31
Maryland,2003,3,44.4
Maryland,2003,4,52.6
Maryland,2003,5,59.7
Maryland,2003,6,69.5
Maryland,2003,7,75.5
Maryland,2003,8,76.1
Maryland,2003,9,67.8
Maryland,2003,10,54.7
Maryland,2003,11,50.6
Maryland,2003,12,36.5
Maryland,2004,1,28.1
Maryland,2004,2,34.5
Maryland,2004,3,45.6
Maryland,2004,4,54.3
Maryland,2004,5,69.3
Maryland,2004,6,70.8
Maryland,2004,7,75.5
Maryland,2004,8,73.5
Maryland,2004,9,68.7
Maryland,2004,10,55.7
Maryland,2004,11,48.3
Maryland,2004,12,37.7
Maryland,2005,1,33.9
Maryland,2005,2,36.5
Maryland,2005,3,39.7
Maryland,2005,4,54.7
Maryland,2005,5,58.7
Maryland,2005,6,72.8
Maryland,2005,7,77.6
Maryland,2005,8,77
Maryland,2005,9,71.1
Maryland,2005,10,57.8
Maryland,2005,11,48.5
Maryland,2005,12,33.7
Maryland,2006,1,41.1
Maryland,2006,2,36.1
Maryland,2006,3,44.3
Maryland,2006,4,56.3
Maryland,2006,5,62.1
Maryland,2006,6,71.6
Maryland,2006,7,77.6
Maryland,2006,8,76.9
Maryland,2006,9,65.3
Maryland,2006,10,55
Maryland,2006,11,49.1
Maryland,2006,12,42.8
Maryland,2007,1,38.5
Maryland,2007,2,28.3
Maryland,2007,3,44.9
Maryland,2007,4,51.1
Maryland,2007,5,64.6
Maryland,2007,6,72.6
Maryland,2007,7,75.4
Maryland,2007,8,76.3
Maryland,2007,9,69.6
Maryland,2007,10,63.3
Maryland,2007,11,45.6
Maryland,2007,12,38.1
Maryland,2008,1,35.7
Maryland,2008,2,37.2
Maryland,2008,3,44.8
Maryland,2008,4,55.6
Maryland,2008,5,60.4
Maryland,2008,6,74.3
Maryland,2008,7,76.2
Maryland,2008,8,72.6
Maryland,2008,9,68.8
Maryland,2008,10,55.2
Maryland,2008,11,44.4
Maryland,2008,12,38.6
Maryland,2009,1,29.3
Maryland,2009,2,37.2
Maryland,2009,3,43.1
Maryland,2009,4,54.8
Maryland,2009,5,63.4
Maryland,2009,6,71
Maryland,2009,7,73.5
Maryland,2009,8,76.2
Maryland,2009,9,66.4
Maryland,2009,10,55.4
Maryland,2009,11,49.6
Maryland,2009,12,35.4
Maryland,2010,1,32.2
Maryland,2010,2,30.8
Maryland,2010,3,47.4
Maryland,2010,4,57.5
Maryland,2010,5,65.7
Maryland,2010,6,76.2
Maryland,2010,7,79.1
Maryland,2010,8,76.4
Maryland,2010,9,70.2
Maryland,2010,10,57.8
Maryland,2010,11,46.1
Maryland,2010,12,30.8
Maryland,2011,1,29.6
Maryland,2011,2,37.6
Maryland,2011,3,43.7
Maryland,2011,4,56.7
Maryland,2011,5,65.8
Maryland,2011,6,74
Maryland,2011,7,79.6
Maryland,2011,8,75.1
Maryland,2011,9,69
Maryland,2011,10,55.9
Maryland,2011,11,49.5
Maryland,2011,12,41.8
Maryland,2012,1,37.4
Maryland,2012,2,40.5
Maryland,2012,3,52.7
Maryland,2012,4,54.2
Maryland,2012,5,67.7
Maryland,2012,6,71.7
Maryland,2012,7,79.8
Maryland,2012,8,75.8
Maryland,2012,9,67.8
Maryland,2012,10,57.5
Maryland,2012,11,42.6
Maryland,2012,12,42.2
Maryland,2013,1,36.3
Maryland,2013,2,34.5
Maryland,2013,3,39.7
Maryland,2013,4,54.4
Maryland,2013,5,62.8
Maryland,2013,6,72.7
Maryland,2013,7,77.8
Maryland,2013,8,72.4
Maryland,2013,9,66
Maryland,2013,10,58.1
Maryland,2013,11,43.3
Maryland,2013,12,38.6
Maryland,2014,1,27.8
Maryland,2014,2,32.8
Maryland,2014,3,38.2
Maryland,2014,4,52.7
Maryland,2014,5,64.2
Maryland,2014,6,72.3
Maryland,2014,7,74.7
Maryland,2014,8,71.7
Maryland,2014,9,68
Maryland,2014,10,58.2
Maryland,2014,11,42.7
Maryland,2014,12,39.6
Maryland,2015,1,30.7
Maryland,2015,2,25.3
Maryland,2015,3,39.4
Maryland,2015,4,54
Maryland,2015,5,67.6
Maryland,2015,6,73
Maryland,2015,7,75.9
Maryland,2015,8,73.9
Maryland,2015,9,70.8
Maryland,2015,10,55.6
Maryland,2015,11,50.5
Maryland,2015,12,48.6
Maryland,2016,1,32.1
Maryland,2016,2,36.9
Maryland,2016,3,49.4
Maryland,2016,4,53.1
Maryland,2016,5,60.9
Maryland,2016,6,72.2
Maryland,2016,7,78.4
Maryland,2016,8,78
Maryland,2016,9,71.5
Maryland,2016,10,59.4
Maryland,2016,11,47.7
Maryland,2016,12,38
Maryland,2017,1,38.3
Maryland,2017,2,43.7
Maryland,2017,3,43.1
Maryland,2017,4,59.5
Maryland,2017,5,62.2
Maryland,2017,6,72.6
Maryland,2017,7,77.4
Maryland,2017,8,72.8
Maryland,2017,9,68.3
Maryland,2017,10,61.2
Maryland,2017,11,45.8
Maryland,2017,12,35.3
Maryland,2018,1,31
Maryland,2018,2,41.6
Maryland,2018,3,39.3
Maryland,2018,4,50.7
Maryland,2018,5,68.8
Maryland,2018,6,72.1
Maryland,2018,7,76.2
Maryland,2018,8,77.1
Maryland,2018,9,72.7
Maryland,2018,10,59
Maryland,2018,11,43.4
Maryland,2018,12,39.2
Maryland,2019,1,33.9
Maryland,2019,2,37.5
Maryland,2019,3,42.1
Maryland,2019,4,57.7
Maryland,2019,5,67.3
Maryland,2019,6,72.6
Maryland,2019,7,78.7
Maryland,2019,8,75.7
Maryland,2019,9,71.5
Maryland,2019,10,60.4
Maryland,2019,11,42.7
Maryland,2019,12,38.9
Maryland,2020,1,39
Massachusetts,2000,1,23.5
Massachusetts,2000,2,30.1
Massachusetts,2000,3,40.6
Massachusetts,2000,4,45.1
Massachusetts,2000,5,56.4
Massachusetts,2000,6,65.1
Massachusetts,2000,7,67
Massachusetts,2000,8,67
Massachusetts,2000,9,60.2
Massachusetts,2000,10,50.2
Massachusetts,2000,11,40
Massachusetts,2000,12,25
Massachusetts,2001,1,24.6
Massachusetts,2001,2,27.8
Massachusetts,2001,3,32.5
Massachusetts,2001,4,45.9
Massachusetts,2001,5,57.8
Massachusetts,2001,6,67.5
Massachusetts,2001,7,67.2
Massachusetts,2001,8,71.7
Massachusetts,2001,9,61.9
Massachusetts,2001,10,51.9
Massachusetts,2001,11,44.4
Massachusetts,2001,12,35.9
Massachusetts,2002,1,32.4
Massachusetts,2002,2,32.4
Massachusetts,2002,3,37.1
Massachusetts,2002,4,48.5
Massachusetts,2002,5,54.6
Massachusetts,2002,6,64
Massachusetts,2002,7,71.4
Massachusetts,2002,8,71.4
Massachusetts,2002,9,64.4
Massachusetts,2002,10,48.4
Massachusetts,2002,11,39
Massachusetts,2002,12,28.5
Massachusetts,2003,1,19
Massachusetts,2003,2,22.8
Massachusetts,2003,3,34.5
Massachusetts,2003,4,42.9
Massachusetts,2003,5,54.2
Massachusetts,2003,6,64
Massachusetts,2003,7,71
Massachusetts,2003,8,71.5
Massachusetts,2003,9,62.6
Massachusetts,2003,10,48.6
Massachusetts,2003,11,42.8
Massachusetts,2003,12,31.4
Massachusetts,2004,1,17.3
Massachusetts,2004,2,27.4
Massachusetts,2004,3,36.6
Massachusetts,2004,4,46.9
Massachusetts,2004,5,58.5
Massachusetts,2004,6,63.7
Massachusetts,2004,7,69
Massachusetts,2004,8,69
Massachusetts,2004,9,62.4
Massachusetts,2004,10,50
Massachusetts,2004,11,40.6
Massachusetts,2004,12,30
Massachusetts,2005,1,23
Massachusetts,2005,2,28.2
Massachusetts,2005,3,31.2
Massachusetts,2005,4,48
Massachusetts,2005,5,51.5
Massachusetts,2005,6,68.2
Massachusetts,2005,7,71.4
Massachusetts,2005,8,72.1
Massachusetts,2005,9,64.8
Massachusetts,2005,10,52.1
Massachusetts,2005,11,42.2
Massachusetts,2005,12,28
Massachusetts,2006,1,32.9
Massachusetts,2006,2,28.2
Massachusetts,2006,3,35.4
Massachusetts,2006,4,47.7
Massachusetts,2006,5,56.1
Massachusetts,2006,6,66.4
Massachusetts,2006,7,73.3
Massachusetts,2006,8,68.3
Massachusetts,2006,9,60.3
Massachusetts,2006,10,50
Massachusetts,2006,11,45.8
Massachusetts,2006,12,37
Massachusetts,2007,1,29.9
Massachusetts,2007,2,22.4
Massachusetts,2007,3,34
Massachusetts,2007,4,43.3
Massachusetts,2007,5,58.4
Massachusetts,2007,6,65.6
Massachusetts,2007,7,70.1
Massachusetts,2007,8,69.4
Massachusetts,2007,9,63.3
Massachusetts,2007,10,56
Massachusetts,2007,11,38.7
Massachusetts,2007,12,28.4
Massachusetts,2008,1,28.2
Massachusetts,2008,2,28.6
Massachusetts,2008,3,34.6
Massachusetts,2008,4,47.9
Massachusetts,2008,5,54.2
Massachusetts,2008,6,67.4
Massachusetts,2008,7,72.4
Massachusetts,2008,8,67.2
Massachusetts,2008,9,62.4
Massachusetts,2008,10,49.1
Massachusetts,2008,11,39.9
Massachusetts,2008,12,31.4
Massachusetts,2009,1,19.8
Massachusetts,2009,2,28.6
Massachusetts,2009,3,35.3
Massachusetts,2009,4,48.3
Massachusetts,2009,5,57
Massachusetts,2009,6,62.8
Massachusetts,2009,7,67.6
Massachusetts,2009,8,71
Massachusetts,2009,9,59.8
Massachusetts,2009,10,48.4
Massachusetts,2009,11,45.3
Massachusetts,2009,12,29
Massachusetts,2010,1,25.9
Massachusetts,2010,2,29.3
Massachusetts,2010,3,41.4
Massachusetts,2010,4,50.6
Massachusetts,2010,5,60.3
Massachusetts,2010,6,67.6
Massachusetts,2010,7,74.1
Massachusetts,2010,8,70.1
Massachusetts,2010,9,64.6
Massachusetts,2010,10,51.5
Massachusetts,2010,11,41
Massachusetts,2010,12,27.8
Massachusetts,2011,1,22.4
Massachusetts,2011,2,25.5
Massachusetts,2011,3,35.4
Massachusetts,2011,4,47.7
Massachusetts,2011,5,58.5
Massachusetts,2011,6,65.2
Massachusetts,2011,7,72.8
Massachusetts,2011,8,69.8
Massachusetts,2011,9,64.9
Massachusetts,2011,10,52.6
Massachusetts,2011,11,45.4
Massachusetts,2011,12,35.8
Massachusetts,2012,1,30.4
Massachusetts,2012,2,33.6
Massachusetts,2012,3,44.1
Massachusetts,2012,4,48.7
Massachusetts,2012,5,60.4
Massachusetts,2012,6,65
Massachusetts,2012,7,73
Massachusetts,2012,8,71.5
Massachusetts,2012,9,61.9
Massachusetts,2012,10,53.5
Massachusetts,2012,11,39.2
Massachusetts,2012,12,34.7
Massachusetts,2013,1,27.5
Massachusetts,2013,2,28.4
Massachusetts,2013,3,34.9
Massachusetts,2013,4,46.3
Massachusetts,2013,5,57.7
Massachusetts,2013,6,67
Massachusetts,2013,7,75
Massachusetts,2013,8,68
Massachusetts,2013,9,60.8
Massachusetts,2013,10,51.8
Massachusetts,2013,11,38.8
Massachusetts,2013,12,29.4
Massachusetts,2014,1,23
Massachusetts,2014,2,24.1
Massachusetts,2014,3,29.1
Massachusetts,2014,4,45.9
Massachusetts,2014,5,57.2
Massachusetts,2014,6,65.9
Massachusetts,2014,7,71.2
Massachusetts,2014,8,67.2
Massachusetts,2014,9,62.3
Massachusetts,2014,10,53.3
Massachusetts,2014,11,38.8
Massachusetts,2014,12,34.7
Massachusetts,2015,1,21.8
Massachusetts,2015,2,14.6
Massachusetts,2015,3,29.3
Massachusetts,2015,4,45.5
Massachusetts,2015,5,61.8
Massachusetts,2015,6,63.6
Massachusetts,2015,7,71
Massachusetts,2015,8,71.1
Massachusetts,2015,9,66.2
Massachusetts,2015,10,50.1
Massachusetts,2015,11,44.7
Massachusetts,2015,12,41.8
Massachusetts,2016,1,28.5
Massachusetts,2016,2,30.9
Massachusetts,2016,3,41
Massachusetts,2016,4,45
Massachusetts,2016,5,57.2
Massachusetts,2016,6,66.1
Massachusetts,2016,7,72.6
Massachusetts,2016,8,72.5
Massachusetts,2016,9,64.6
Massachusetts,2016,10,52.2
Massachusetts,2016,11,42.2
Massachusetts,2016,12,31
Massachusetts,2017,1,31.5
Massachusetts,2017,2,33
Massachusetts,2017,3,31.5
Massachusetts,2017,4,50.2
Massachusetts,2017,5,55.2
Massachusetts,2017,6,66
Massachusetts,2017,7,70
Massachusetts,2017,8,68
Massachusetts,2017,9,65.1
Massachusetts,2017,10,57.5
Massachusetts,2017,11,40.3
Massachusetts,2017,12,26.6
Massachusetts,2018,1,24.5
Massachusetts,2018,2,34.3
Massachusetts,2018,3,34.8
Massachusetts,2018,4,42.3
Massachusetts,2018,5,60.8
Massachusetts,2018,6,64.8
Massachusetts,2018,7,73.3
Massachusetts,2018,8,73.5
Massachusetts,2018,9,65.2
Massachusetts,2018,10,50.3
Massachusetts,2018,11,37.8
Massachusetts,2018,12,32.1
Massachusetts,2019,1,25.9
Massachusetts,2019,2,28.5
Massachusetts,2019,3,33.7
Massachusetts,2019,4,47.8
Massachusetts,2019,5,55.4
Massachusetts,2019,6,65.5
Massachusetts,2019,7,73.9
Massachusetts,2019,8,69.8
Massachusetts,2019,9,62
Massachusetts,2019,10,52.5
Massachusetts,2019,11,37.5
Massachusetts,2019,12,30.6
Massachusetts,2020,1,32.1
Minnesota,2000,1,10.3
Minnesota,2000,2,22.8
Minnesota,2000,3,36.4
Minnesota,2000,4,42.2
Minnesota,2000,5,56.7
Minnesota,2000,6,61.5
Minnesota,2000,7,68.6
Minnesota,2000,8,67.6
Minnesota,2000,9,56.6
Minnesota,2000,10,48.2
Minnesota,2000,11,28.4
Minnesota,2000,12,2.5
Minnesota,2001,1,16
Minnesota,2001,2,6.7
Minnesota,2001,3,24.2
Minnesota,2001,4,43.4
Minnesota,2001,5,56.6
Minnesota,2001,6,65.1
Minnesota,2001,7,70.4
Minnesota,2001,8,69.3
Minnesota,2001,9,57.4
Minnesota,2001,10,44.5
Minnesota,2001,11,40.7
Minnesota,2001,12,22.3
Minnesota,2002,1,18.1
Minnesota,2002,2,23.8
Minnesota,2002,3,19.5
Minnesota,2002,4,40.4
Minnesota,2002,5,49.8
Minnesota,2002,6,67
Minnesota,2002,7,72.2
Minnesota,2002,8,66.5
Minnesota,2002,9,60.5
Minnesota,2002,10,37.7
Minnesota,2002,11,27.8
Minnesota,2002,12,21.2
Minnesota,2003,1,10.1
Minnesota,2003,2,9.9
Minnesota,2003,3,25.8
Minnesota,2003,4,43.4
Minnesota,2003,5,54.3
Minnesota,2003,6,63.6
Minnesota,2003,7,68.8
Minnesota,2003,8,70.2
Minnesota,2003,9,57.9
Minnesota,2003,10,47
Minnesota,2003,11,26.6
Minnesota,2003,12,20.6
Minnesota,2004,1,5.1
Minnesota,2004,2,16.7
Minnesota,2004,3,30.9
Minnesota,2004,4,43.7
Minnesota,2004,5,51.2
Minnesota,2004,6,60.7
Minnesota,2004,7,66.7
Minnesota,2004,8,60.9
Minnesota,2004,9,62.1
Minnesota,2004,10,46.8
Minnesota,2004,11,34
Minnesota,2004,12,16.8
Minnesota,2005,1,7.6
Minnesota,2005,2,20.3
Minnesota,2005,3,26.2
Minnesota,2005,4,47.7
Minnesota,2005,5,52.4
Minnesota,2005,6,67.4
Minnesota,2005,7,70.6
Minnesota,2005,8,66.4
Minnesota,2005,9,61.6
Minnesota,2005,10,47.8
Minnesota,2005,11,32.2
Minnesota,2005,12,16.6
Minnesota,2006,1,24.1
Minnesota,2006,2,12.7
Minnesota,2006,3,29.4
Minnesota,2006,4,48.8
Minnesota,2006,5,56.8
Minnesota,2006,6,65.7
Minnesota,2006,7,73.1
Minnesota,2006,8,67.7
Minnesota,2006,9,56.3
Minnesota,2006,10,42.2
Minnesota,2006,11,32
Minnesota,2006,12,23.8
Minnesota,2007,1,14.5
Minnesota,2007,2,7.7
Minnesota,2007,3,31.7
Minnesota,2007,4,41.2
Minnesota,2007,5,58.7
Minnesota,2007,6,67.2
Minnesota,2007,7,70.6
Minnesota,2007,8,66.5
Minnesota,2007,9,59.2
Minnesota,2007,10,49.4
Minnesota,2007,11,30.4
Minnesota,2007,12,11.6
Minnesota,2008,1,8.5
Minnesota,2008,2,9.4
Minnesota,2008,3,23.5
Minnesota,2008,4,39.6
Minnesota,2008,5,51.5
Minnesota,2008,6,62.9
Minnesota,2008,7,68.4
Minnesota,2008,8,66.8
Minnesota,2008,9,58.7
Minnesota,2008,10,46
Minnesota,2008,11,30.8
Minnesota,2008,12,6.9
Minnesota,2009,1,2.2
Minnesota,2009,2,15
Minnesota,2009,3,26
Minnesota,2009,4,41.8
Minnesota,2009,5,53.4
Minnesota,2009,6,62.3
Minnesota,2009,7,64.1
Minnesota,2009,8,64.2
Minnesota,2009,9,62.6
Minnesota,2009,10,39.9
Minnesota,2009,11,37.8
Minnesota,2009,12,12
Minnesota,2010,1,8.8
Minnesota,2010,2,12.8
Minnesota,2010,3,35.8
Minnesota,2010,4,50
Minnesota,2010,5,56
Minnesota,2010,6,63.8
Minnesota,2010,7,70.4
Minnesota,2010,8,70.2
Minnesota,2010,9,55
Minnesota,2010,10,49.1
Minnesota,2010,11,30.7
Minnesota,2010,12,11.5
Minnesota,2011,1,5
Minnesota,2011,2,13.2
Minnesota,2011,3,23.6
Minnesota,2011,4,41.6
Minnesota,2011,5,53.6
Minnesota,2011,6,63.4
Minnesota,2011,7,72.7
Minnesota,2011,8,68.2
Minnesota,2011,9,57.5
Minnesota,2011,10,49.9
Minnesota,2011,11,32.9
Minnesota,2011,12,22.7
Minnesota,2012,1,18.4
Minnesota,2012,2,22.4
Minnesota,2012,3,41.8
Minnesota,2012,4,45.5
Minnesota,2012,5,58.3
Minnesota,2012,6,66.8
Minnesota,2012,7,74.3
Minnesota,2012,8,66.7
Minnesota,2012,9,57.3
Minnesota,2012,10,43.2
Minnesota,2012,11,30.9
Minnesota,2012,12,16.8
Minnesota,2013,1,11.4
Minnesota,2013,2,13
Minnesota,2013,3,20.6
Minnesota,2013,4,34
Minnesota,2013,5,53.2
Minnesota,2013,6,63.9
Minnesota,2013,7,69
Minnesota,2013,8,67.8
Minnesota,2013,9,61.5
Minnesota,2013,10,44.9
Minnesota,2013,11,27.6
Minnesota,2013,12,5
Minnesota,2014,1,2.3
Minnesota,2014,2,3.8
Minnesota,2014,3,19.6
Minnesota,2014,4,38.4
Minnesota,2014,5,54.3
Minnesota,2014,6,65
Minnesota,2014,7,66.7
Minnesota,2014,8,67.1
Minnesota,2014,9,58.5
Minnesota,2014,10,46.2
Minnesota,2014,11,21.4
Minnesota,2014,12,20.4
Minnesota,2015,1,13.7
Minnesota,2015,2,5.6
Minnesota,2015,3,30.7
Minnesota,2015,4,44.6
Minnesota,2015,5,54.2
Minnesota,2015,6,64.7
Minnesota,2015,7,69.5
Minnesota,2015,8,65.9
Minnesota,2015,9,63.8
Minnesota,2015,10,47.9
Minnesota,2015,11,36.5
Minnesota,2015,12,24.8
Minnesota,2016,1,12.6
Minnesota,2016,2,19.9
Minnesota,2016,3,35.7
Minnesota,2016,4,42.5
Minnesota,2016,5,56.7
Minnesota,2016,6,65.6
Minnesota,2016,7,69.3
Minnesota,2016,8,68.1
Minnesota,2016,9,60.7
Minnesota,2016,10,48.2
Minnesota,2016,11,40.2
Minnesota,2016,12,15.3
Minnesota,2017,1,14.6
Minnesota,2017,2,23.9
Minnesota,2017,3,28.2
Minnesota,2017,4,44.4
Minnesota,2017,5,53.6
Minnesota,2017,6,65
Minnesota,2017,7,69.2
Minnesota,2017,8,64
Minnesota,2017,9,60.8
Minnesota,2017,10,47.1
Minnesota,2017,11,27.4
Minnesota,2017,12,13.4
Minnesota,2018,1,10.4
Minnesota,2018,2,8.6
Minnesota,2018,3,27.5
Minnesota,2018,4,32.7
Minnesota,2018,5,61.1
Minnesota,2018,6,67
Minnesota,2018,7,69.7
Minnesota,2018,8,67.4
Minnesota,2018,9,59
Minnesota,2018,10,40.7
Minnesota,2018,11,22.8
Minnesota,2018,12,20.2
Minnesota,2019,1,6.6
Minnesota,2019,2,5.3
Minnesota,2019,3,22.6
Minnesota,2019,4,41.4
Minnesota,2019,5,50.6
Minnesota,2019,6,64.4
Minnesota,2019,7,70.4
Minnesota,2019,8,65.3
Minnesota,2019,9,60.2
Minnesota,2019,10,42.4
Minnesota,2019,11,25.9
Minnesota,2019,12,16.6
Minnesota,2020,1,14.1
Montana,2000,1,22.1
Montana,2000,2,26.9
Montana,2000,3,35.5
Montana,2000,4,43.2
Montana,2000,5,51.5
Montana,2000,6,58
Montana,2000,7,68.4
Montana,2000,8,66.8
Montana,2000,9,54.4
Montana,2000,10,43.5
Montana,2000,11,22.1
Montana,2000,12,15.8
Montana,2001,1,24.6
Montana,2001,2,16.5
Montana,2001,3,33.8
Montana,2001,4,41.1
Montana,2001,5,53.3
Montana,2001,6,58.4
Montana,2001,7,67.1
Montana,2001,8,68.9
Montana,2001,9,58.7
Montana,2001,10,42.7
Montana,2001,11,36.3
Montana,2001,12,22.4
Montana,2002,1,22.7
Montana,2002,2,26.4
Montana,2002,3,19.8
Montana,2002,4,37.6
Montana,2002,5,47.5
Montana,2002,6,59.5
Montana,2002,7,69.6
Montana,2002,8,61.3
Montana,2002,9,55.7
Montana,2002,10,36.6
Montana,2002,11,33.8
Montana,2002,12,26.8
Montana,2003,1,24.7
Montana,2003,2,21.4
Montana,2003,3,29.8
Montana,2003,4,44.1
Montana,2003,5,50.1
Montana,2003,6,58.4
Montana,2003,7,70.3
Montana,2003,8,70
Montana,2003,9,54.6
Montana,2003,10,47.5
Montana,2003,11,24
Montana,2003,12,25.1
Montana,2004,1,17
Montana,2004,2,24.1
Montana,2004,3,37.5
Montana,2004,4,44.3
Montana,2004,5,48.1
Montana,2004,6,56.1
Montana,2004,7,66.1
Montana,2004,8,62.4
Montana,2004,9,54.1
Montana,2004,10,43.1
Montana,2004,11,33.6
Montana,2004,12,27.4
Montana,2005,1,18.1
Montana,2005,2,28.9
Montana,2005,3,34.6
Montana,2005,4,42.7
Montana,2005,5,49
Montana,2005,6,57.7
Montana,2005,7,67.6
Montana,2005,8,63.9
Montana,2005,9,55.4
Montana,2005,10,45.1
Montana,2005,11,33.2
Montana,2005,12,20.5
Montana,2006,1,31.4
Montana,2006,2,23.4
Montana,2006,3,30.6
Montana,2006,4,44.9
Montana,2006,5,52.9
Montana,2006,6,61.6
Montana,2006,7,71.2
Montana,2006,8,65.5
Montana,2006,9,54.8
Montana,2006,10,40.4
Montana,2006,11,30.3
Montana,2006,12,25.5
Montana,2007,1,21.8
Montana,2007,2,22
Montana,2007,3,38.9
Montana,2007,4,40.9
Montana,2007,5,52.1
Montana,2007,6,60.7
Montana,2007,7,73.3
Montana,2007,8,65.8
Montana,2007,9,55
Montana,2007,10,44.6
Montana,2007,11,31.6
Montana,2007,12,21.6
Montana,2008,1,18.1
Montana,2008,2,24.2
Montana,2008,3,31.2
Montana,2008,4,37.6
Montana,2008,5,49.6
Montana,2008,6,56.7
Montana,2008,7,66.5
Montana,2008,8,65.6
Montana,2008,9,53.6
Montana,2008,10,43.7
Montana,2008,11,35.8
Montana,2008,12,14
Montana,2009,1,21.1
Montana,2009,2,25.1
Montana,2009,3,28.3
Montana,2009,4,39.8
Montana,2009,5,50.5
Montana,2009,6,56.6
Montana,2009,7,64.6
Montana,2009,8,63.4
Montana,2009,9,60.7
Montana,2009,10,36.4
Montana,2009,11,35.2
Montana,2009,12,12
Montana,2010,1,20.6
Montana,2010,2,21.1
Montana,2010,3,36.2
Montana,2010,4,41.6
Montana,2010,5,46.3
Montana,2010,6,57.5
Montana,2010,7,64.3
Montana,2010,8,63.8
Montana,2010,9,54.1
Montana,2010,10,47.6
Montana,2010,11,26.6
Montana,2010,12,19
Montana,2011,1,19.1
Montana,2011,2,16.4
Montana,2011,3,28.6
Montana,2011,4,37.7
Montana,2011,5,47.1
Montana,2011,6,56.3
Montana,2011,7,66.6
Montana,2011,8,66.8
Montana,2011,9,58.3
Montana,2011,10,45.9
Montana,2011,11,30
Montana,2011,12,26.2
Montana,2012,1,25.1
Montana,2012,2,24.9
Montana,2012,3,39.4
Montana,2012,4,44.8
Montana,2012,5,49.5
Montana,2012,6,60.2
Montana,2012,7,70.7
Montana,2012,8,66.7
Montana,2012,9,58.2
Montana,2012,10,41
Montana,2012,11,32.4
Montana,2012,12,21.5
Montana,2013,1,21.7
Montana,2013,2,27.4
Montana,2013,3,30.5
Montana,2013,4,36.9
Montana,2013,5,51.9
Montana,2013,6,59
Montana,2013,7,67.5
Montana,2013,8,67.3
Montana,2013,9,58.8
Montana,2013,10,40.8
Montana,2013,11,30.4
Montana,2013,12,16.4
Montana,2014,1,24.5
Montana,2014,2,14.7
Montana,2014,3,29.4
Montana,2014,4,41
Montana,2014,5,51.1
Montana,2014,6,56.5
Montana,2014,7,67.6
Montana,2014,8,64.8
Montana,2014,9,55.1
Montana,2014,10,47.9
Montana,2014,11,25.3
Montana,2014,12,25
Montana,2015,1,24.7
Montana,2015,2,26.9
Montana,2015,3,39.5
Montana,2015,4,42.8
Montana,2015,5,49.6
Montana,2015,6,63.8
Montana,2015,7,66.2
Montana,2015,8,65.9
Montana,2015,9,57.3
Montana,2015,10,48
Montana,2015,11,30
Montana,2015,12,23.6
Montana,2016,1,23.4
Montana,2016,2,33.6
Montana,2016,3,37.4
Montana,2016,4,45
Montana,2016,5,51
Montana,2016,6,62.4
Montana,2016,7,65.9
Montana,2016,8,64.4
Montana,2016,9,54.8
Montana,2016,10,44.3
Montana,2016,11,39.1
Montana,2016,12,14.2
Montana,2017,1,15.2
Montana,2017,2,25.4
Montana,2017,3,35.8
Montana,2017,4,42.1
Montana,2017,5,52.3
Montana,2017,6,60.6
Montana,2017,7,71.6
Montana,2017,8,65.5
Montana,2017,9,55.2
Montana,2017,10,42.6
Montana,2017,11,30.7
Montana,2017,12,21.1
Montana,2018,1,21.7
Montana,2018,2,11.4
Montana,2018,3,28.3
Montana,2018,4,37.9
Montana,2018,5,55.7
Montana,2018,6,59.2
Montana,2018,7,66.8
Montana,2018,8,64.5
Montana,2018,9,53
Montana,2018,10,41.6
Montana,2018,11,30.2
Montana,2018,12,25
Montana,2019,1,24.7
Montana,2019,2,5.1
Montana,2019,3,25.1
Montana,2019,4,41.9
Montana,2019,5,47.7
Montana,2019,6,58.6
Montana,2019,7,65
Montana,2019,8,64.8
Montana,2019,9,55.1
Montana,2019,10,35.4
Montana,2019,11,29.2
Montana,2019,12,25.8
Montana,2020,1,23.4
Nebraska,2000,1,28.6
Nebraska,2000,2,35
Nebraska,2000,3,41.9
Nebraska,2000,4,48.7
Nebraska,2000,5,61.6
Nebraska,2000,6,67.6
Nebraska,2000,7,75.2
Nebraska,2000,8,76.4
Nebraska,2000,9,64.5
Nebraska,2000,10,52.7
Nebraska,2000,11,28.2
Nebraska,2000,12,18.7
Nebraska,2001,1,27.5
Nebraska,2001,2,22
Nebraska,2001,3,35.8
Nebraska,2001,4,50.6
Nebraska,2001,5,59.8
Nebraska,2001,6,68.5
Nebraska,2001,7,77.1
Nebraska,2001,8,73.9
Nebraska,2001,9,63.6
Nebraska,2001,10,51
Nebraska,2001,11,43.9
Nebraska,2001,12,30.3
Nebraska,2002,1,29.5
Nebraska,2002,2,31.8
Nebraska,2002,3,30.1
Nebraska,2002,4,49.9
Nebraska,2002,5,56
Nebraska,2002,6,73.9
Nebraska,2002,7,78.3
Nebraska,2002,8,73
Nebraska,2002,9,64.3
Nebraska,2002,10,44.4
Nebraska,2002,11,37.1
Nebraska,2002,12,31.8
Nebraska,2003,1,26.9
Nebraska,2003,2,25
Nebraska,2003,3,38.7
Nebraska,2003,4,50.5
Nebraska,2003,5,57.4
Nebraska,2003,6,66.1
Nebraska,2003,7,76.4
Nebraska,2003,8,75.5
Nebraska,2003,9,61.1
Nebraska,2003,10,54.6
Nebraska,2003,11,34.7
Nebraska,2003,12,30.5
Nebraska,2004,1,24
Nebraska,2004,2,26.3
Nebraska,2004,3,43.1
Nebraska,2004,4,50.5
Nebraska,2004,5,60.4
Nebraska,2004,6,65.2
Nebraska,2004,7,71.7
Nebraska,2004,8,68.5
Nebraska,2004,9,66.2
Nebraska,2004,10,52.3
Nebraska,2004,11,38.7
Nebraska,2004,12,30.8
Nebraska,2005,1,23.1
Nebraska,2005,2,34.4
Nebraska,2005,3,39.4
Nebraska,2005,4,49.7
Nebraska,2005,5,57.8
Nebraska,2005,6,70
Nebraska,2005,7,75.9
Nebraska,2005,8,72.6
Nebraska,2005,9,67.5
Nebraska,2005,10,51.9
Nebraska,2005,11,41.1
Nebraska,2005,12,25
Nebraska,2006,1,37.1
Nebraska,2006,2,28.1
Nebraska,2006,3,36.8
Nebraska,2006,4,53.3
Nebraska,2006,5,61.2
Nebraska,2006,6,71.8
Nebraska,2006,7,77.5
Nebraska,2006,8,72.9
Nebraska,2006,9,58.8
Nebraska,2006,10,48
Nebraska,2006,11,37.6
Nebraska,2006,12,30.2
Nebraska,2007,1,21.6
Nebraska,2007,2,23.1
Nebraska,2007,3,45.6
Nebraska,2007,4,46.4
Nebraska,2007,5,62.1
Nebraska,2007,6,69.2
Nebraska,2007,7,76.1
Nebraska,2007,8,75.6
Nebraska,2007,9,64.7
Nebraska,2007,10,53.6
Nebraska,2007,11,39.5
Nebraska,2007,12,22
Nebraska,2008,1,21.3
Nebraska,2008,2,26.2
Nebraska,2008,3,37.4
Nebraska,2008,4,44.6
Nebraska,2008,5,56.3
Nebraska,2008,6,67.5
Nebraska,2008,7,75
Nebraska,2008,8,71.4
Nebraska,2008,9,62.2
Nebraska,2008,10,50.2
Nebraska,2008,11,38.9
Nebraska,2008,12,21.3
Nebraska,2009,1,25.5
Nebraska,2009,2,31.8
Nebraska,2009,3,37.4
Nebraska,2009,4,46.1
Nebraska,2009,5,59.1
Nebraska,2009,6,66.8
Nebraska,2009,7,70.2
Nebraska,2009,8,69.4
Nebraska,2009,9,61.8
Nebraska,2009,10,42.3
Nebraska,2009,11,42.2
Nebraska,2009,12,18.6
Nebraska,2010,1,22.1
Nebraska,2010,2,23
Nebraska,2010,3,39.7
Nebraska,2010,4,51.7
Nebraska,2010,5,56.3
Nebraska,2010,6,69.6
Nebraska,2010,7,74.5
Nebraska,2010,8,74.8
Nebraska,2010,9,63.6
Nebraska,2010,10,54
Nebraska,2010,11,36.7
Nebraska,2010,12,26.1
Nebraska,2011,1,20.4
Nebraska,2011,2,24.5
Nebraska,2011,3,37.1
Nebraska,2011,4,47.5
Nebraska,2011,5,56
Nebraska,2011,6,68.2
Nebraska,2011,7,77.7
Nebraska,2011,8,73.9
Nebraska,2011,9,60.6
Nebraska,2011,10,52.7
Nebraska,2011,11,38.2
Nebraska,2011,12,28.6
Nebraska,2012,1,30.4
Nebraska,2012,2,29.3
Nebraska,2012,3,50.8
Nebraska,2012,4,53.5
Nebraska,2012,5,62.3
Nebraska,2012,6,73.4
Nebraska,2012,7,80
Nebraska,2012,8,73
Nebraska,2012,9,64.1
Nebraska,2012,10,48.2
Nebraska,2012,11,40
Nebraska,2012,12,27.6
Nebraska,2013,1,25.5
Nebraska,2013,2,28.8
Nebraska,2013,3,34.8
Nebraska,2013,4,42.5
Nebraska,2013,5,58.5
Nebraska,2013,6,68.8
Nebraska,2013,7,73.2
Nebraska,2013,8,73.8
Nebraska,2013,9,68
Nebraska,2013,10,48.8
Nebraska,2013,11,36
Nebraska,2013,12,22.8
Nebraska,2014,1,25.4
Nebraska,2014,2,20.8
Nebraska,2014,3,35.4
Nebraska,2014,4,48.3
Nebraska,2014,5,58.5
Nebraska,2014,6,68.1
Nebraska,2014,7,71.2
Nebraska,2014,8,72.2
Nebraska,2014,9,62.9
Nebraska,2014,10,53.2
Nebraska,2014,11,32.2
Nebraska,2014,12,28
Nebraska,2015,1,27.2
Nebraska,2015,2,26.1
Nebraska,2015,3,42.9
Nebraska,2015,4,50.5
Nebraska,2015,5,56.2
Nebraska,2015,6,69.8
Nebraska,2015,7,73.4
Nebraska,2015,8,70.9
Nebraska,2015,9,68.6
Nebraska,2015,10,54.3
Nebraska,2015,11,40.1
Nebraska,2015,12,29.7
Nebraska,2016,1,26
Nebraska,2016,2,35
Nebraska,2016,3,43.9
Nebraska,2016,4,49.9
Nebraska,2016,5,57.2
Nebraska,2016,6,73.3
Nebraska,2016,7,74.2
Nebraska,2016,8,71.8
Nebraska,2016,9,65
Nebraska,2016,10,55.4
Nebraska,2016,11,44.3
Nebraska,2016,12,23.8
Nebraska,2017,1,24.8
Nebraska,2017,2,35.4
Nebraska,2017,3,42.2
Nebraska,2017,4,49.7
Nebraska,2017,5,57
Nebraska,2017,6,70.7
Nebraska,2017,7,76.8
Nebraska,2017,8,69
Nebraska,2017,9,65
Nebraska,2017,10,51
Nebraska,2017,11,39.9
Nebraska,2017,12,26.6
Nebraska,2018,1,23
Nebraska,2018,2,21.7
Nebraska,2018,3,38.5
Nebraska,2018,4,41.2
Nebraska,2018,5,63.8
Nebraska,2018,6,72.2
Nebraska,2018,7,73.4
Nebraska,2018,8,70.8
Nebraska,2018,9,65.7
Nebraska,2018,10,47.2
Nebraska,2018,11,33.5
Nebraska,2018,12,28.1
Nebraska,2019,1,26.4
Nebraska,2019,2,17.3
Nebraska,2019,3,31.6
Nebraska,2019,4,49.2
Nebraska,2019,5,53.6
Nebraska,2019,6,68
Nebraska,2019,7,74.5
Nebraska,2019,8,71.5
Nebraska,2019,9,68.3
Nebraska,2019,10,44.2
Nebraska,2019,11,35.3
Nebraska,2019,12,30.2
Nebraska,2020,1,27.3
New Jersey,2000,1,30
New Jersey,2000,2,35.3
New Jersey,2000,3,45.6
New Jersey,2000,4,49.8
New Jersey,2000,5,62
New Jersey,2000,6,70.3
New Jersey,2000,7,71
New Jersey,2000,8,71
New Jersey,2000,9,64.4
New Jersey,2000,10,54.9
New Jersey,2000,11,43
New Jersey,2000,12,29
New Jersey,2001,1,29.8
New Jersey,2001,2,35
New Jersey,2001,3,38.2
New Jersey,2001,4,51.4
New Jersey,2001,5,61.6
New Jersey,2001,6,71
New Jersey,2001,7,71.1
New Jersey,2001,8,75.5
New Jersey,2001,9,64.8
New Jersey,2001,10,55.4
New Jersey,2001,11,48.8
New Jersey,2001,12,41.1
New Jersey,2002,1,36.9
New Jersey,2002,2,38.4
New Jersey,2002,3,42.9
New Jersey,2002,4,53.9
New Jersey,2002,5,59.2
New Jersey,2002,6,70.1
New Jersey,2002,7,76.1
New Jersey,2002,8,75.8
New Jersey,2002,9,67.8
New Jersey,2002,10,54.1
New Jersey,2002,11,43.2
New Jersey,2002,12,33.3
New Jersey,2003,1,26.4
New Jersey,2003,2,28.2
New Jersey,2003,3,41.3
New Jersey,2003,4,48.5
New Jersey,2003,5,56.9
New Jersey,2003,6,67.4
New Jersey,2003,7,74.5
New Jersey,2003,8,75.1
New Jersey,2003,9,66.9
New Jersey,2003,10,52.9
New Jersey,2003,11,48.5
New Jersey,2003,12,35.5
New Jersey,2004,1,24.6
New Jersey,2004,2,33.1
New Jersey,2004,3,42.8
New Jersey,2004,4,51.9
New Jersey,2004,5,66
New Jersey,2004,6,69
New Jersey,2004,7,73.2
New Jersey,2004,8,72.4
New Jersey,2004,9,67.6
New Jersey,2004,10,53.6
New Jersey,2004,11,46.4
New Jersey,2004,12,35.6
New Jersey,2005,1,30.1
New Jersey,2005,2,34.2
New Jersey,2005,3,37.1
New Jersey,2005,4,52.5
New Jersey,2005,5,56.6
New Jersey,2005,6,72.1
New Jersey,2005,7,76
New Jersey,2005,8,76.4
New Jersey,2005,9,70.2
New Jersey,2005,10,56.3
New Jersey,2005,11,47.4
New Jersey,2005,12,32.5
New Jersey,2006,1,38.7
New Jersey,2006,2,34.2
New Jersey,2006,3,41.8
New Jersey,2006,4,53.4
New Jersey,2006,5,61.4
New Jersey,2006,6,70.1
New Jersey,2006,7,76.7
New Jersey,2006,8,74.2
New Jersey,2006,9,64.3
New Jersey,2006,10,53.6
New Jersey,2006,11,49.6
New Jersey,2006,12,41.7
New Jersey,2007,1,36.7
New Jersey,2007,2,27.1
New Jersey,2007,3,40.9
New Jersey,2007,4,48.6
New Jersey,2007,5,62.8
New Jersey,2007,6,70.6
New Jersey,2007,7,73.7
New Jersey,2007,8,73.4
New Jersey,2007,9,68
New Jersey,2007,10,62.1
New Jersey,2007,11,43.5
New Jersey,2007,12,35.6
New Jersey,2008,1,34.3
New Jersey,2008,2,35.2
New Jersey,2008,3,41.7
New Jersey,2008,4,53
New Jersey,2008,5,57.9
New Jersey,2008,6,73
New Jersey,2008,7,76
New Jersey,2008,8,71.3
New Jersey,2008,9,67.4
New Jersey,2008,10,53.4
New Jersey,2008,11,43.7
New Jersey,2008,12,36.6
New Jersey,2009,1,26.9
New Jersey,2009,2,35.1
New Jersey,2009,3,40.8
New Jersey,2009,4,52.5
New Jersey,2009,5,61.3
New Jersey,2009,6,67.6
New Jersey,2009,7,72
New Jersey,2009,8,74.9
New Jersey,2009,9,64.7
New Jersey,2009,10,53.4
New Jersey,2009,11,49.2
New Jersey,2009,12,34.4
New Jersey,2010,1,31.2
New Jersey,2010,2,31.1
New Jersey,2010,3,46.2
New Jersey,2010,4,55.5
New Jersey,2010,5,64
New Jersey,2010,6,73.9
New Jersey,2010,7,78.3
New Jersey,2010,8,74.9
New Jersey,2010,9,69.2
New Jersey,2010,10,56
New Jersey,2010,11,45
New Jersey,2010,12,30.8
New Jersey,2011,1,27.2
New Jersey,2011,2,34.4
New Jersey,2011,3,41.2
New Jersey,2011,4,53.9
New Jersey,2011,5,63.7
New Jersey,2011,6,71.9
New Jersey,2011,7,78.4
New Jersey,2011,8,73.5
New Jersey,2011,9,68.9
New Jersey,2011,10,55.8
New Jersey,2011,11,48.9
New Jersey,2011,12,40.5
New Jersey,2012,1,35.6
New Jersey,2012,2,38.9
New Jersey,2012,3,49.8
New Jersey,2012,4,52.6
New Jersey,2012,5,65.1
New Jersey,2012,6,70
New Jersey,2012,7,77.8
New Jersey,2012,8,74.7
New Jersey,2012,9,67
New Jersey,2012,10,56.8
New Jersey,2012,11,41.5
New Jersey,2012,12,40.6
New Jersey,2013,1,33.9
New Jersey,2013,2,32.8
New Jersey,2013,3,38.6
New Jersey,2013,4,51.5
New Jersey,2013,5,60.9
New Jersey,2013,6,71.2
New Jersey,2013,7,77.8
New Jersey,2013,8,71.4
New Jersey,2013,9,64.4
New Jersey,2013,10,57.1
New Jersey,2013,11,42.9
New Jersey,2013,12,36
New Jersey,2014,1,26
New Jersey,2014,2,29.5
New Jersey,2014,3,35.4
New Jersey,2014,4,50.3
New Jersey,2014,5,62
New Jersey,2014,6,70.6
New Jersey,2014,7,74.1
New Jersey,2014,8,70.8
New Jersey,2014,9,66.9
New Jersey,2014,10,57
New Jersey,2014,11,42
New Jersey,2014,12,38.7
New Jersey,2015,1,27.9
New Jersey,2015,2,22.3
New Jersey,2015,3,35.9
New Jersey,2015,4,51.5
New Jersey,2015,5,66.1
New Jersey,2015,6,70.3
New Jersey,2015,7,75.2
New Jersey,2015,8,74.3
New Jersey,2015,9,70.7
New Jersey,2015,10,54.5
New Jersey,2015,11,49.7
New Jersey,2015,12,48
New Jersey,2016,1,31.4
New Jersey,2016,2,36
New Jersey,2016,3,47
New Jersey,2016,4,50.7
New Jersey,2016,5,60.2
New Jersey,2016,6,70.6
New Jersey,2016,7,77.2
New Jersey,2016,8,76.9
New Jersey,2016,9,69.7
New Jersey,2016,10,56.7
New Jersey,2016,11,46.7
New Jersey,2016,12,36.3
New Jersey,2017,1,36.2
New Jersey,2017,2,40.4
New Jersey,2017,3,38.9
New Jersey,2017,4,55.9
New Jersey,2017,5,60
New Jersey,2017,6,70.4
New Jersey,2017,7,75.5
New Jersey,2017,8,71.6
New Jersey,2017,9,68.2
New Jersey,2017,10,60.4
New Jersey,2017,11,44.4
New Jersey,2017,12,33.2
New Jersey,2018,1,29.2
New Jersey,2018,2,39.4
New Jersey,2018,3,38.3
New Jersey,2018,4,48
New Jersey,2018,5,65.2
New Jersey,2018,6,70.1
New Jersey,2018,7,76.2
New Jersey,2018,8,76.8
New Jersey,2018,9,70.2
New Jersey,2018,10,56.4
New Jersey,2018,11,42.5
New Jersey,2018,12,37.8
New Jersey,2019,1,31.6
New Jersey,2019,2,34.6
New Jersey,2019,3,39.5
New Jersey,2019,4,54.8
New Jersey,2019,5,62.8
New Jersey,2019,6,70.7
New Jersey,2019,7,78.1
New Jersey,2019,8,74.5
New Jersey,2019,9,69
New Jersey,2019,10,58.1
New Jersey,2019,11,41.4
New Jersey,2019,12,36.4
New Jersey,2020,1,37.2
New York,2000,1,19.2
New York,2000,2,25.9
New York,2000,3,37.9
New York,2000,4,42.6
New York,2000,5,56.4
New York,2000,6,63.5
New York,2000,7,64.8
New York,2000,8,65.4
New York,2000,9,58.3
New York,2000,10,48.8
New York,2000,11,36.3
New York,2000,12,19.4
New York,2001,1,22.4
New York,2001,2,24.7
New York,2001,3,28
New York,2001,4,44.4
New York,2001,5,57
New York,2001,6,64.8
New York,2001,7,65.9
New York,2001,8,70
New York,2001,9,59.4
New York,2001,10,50.1
New York,2001,11,43.1
New York,2001,12,33.4
New York,2002,1,29.1
New York,2002,2,29.1
New York,2002,3,33.2
New York,2002,4,45.9
New York,2002,5,51.3
New York,2002,6,64.3
New York,2002,7,70
New York,2002,8,69
New York,2002,9,63.1
New York,2002,10,46.2
New York,2002,11,36
New York,2002,12,24.8
New York,2003,1,14.6
New York,2003,2,18.3
New York,2003,3,31.7
New York,2003,4,41.3
New York,2003,5,53.8
New York,2003,6,62.6
New York,2003,7,68.1
New York,2003,8,69.1
New York,2003,9,60.5
New York,2003,10,46.2
New York,2003,11,40.5
New York,2003,12,27.5
New York,2004,1,12.8
New York,2004,2,21.6
New York,2004,3,34.8
New York,2004,4,44.1
New York,2004,5,58.5
New York,2004,6,62
New York,2004,7,67.3
New York,2004,8,65.8
New York,2004,9,61.9
New York,2004,10,48.4
New York,2004,11,38.8
New York,2004,12,26
New York,2005,1,18.6
New York,2005,2,24.1
New York,2005,3,27.6
New York,2005,4,45.9
New York,2005,5,51
New York,2005,6,69.1
New York,2005,7,71.1
New York,2005,8,70.1
New York,2005,9,63.2
New York,2005,10,49.7
New York,2005,11,40.5
New York,2005,12,23.8
New York,2006,1,30.1
New York,2006,2,24.7
New York,2006,3,31.7
New York,2006,4,45.7
New York,2006,5,55.7
New York,2006,6,64.4
New York,2006,7,71
New York,2006,8,66.8
New York,2006,9,58.1
New York,2006,10,46.6
New York,2006,11,42.4
New York,2006,12,34.4
New York,2007,1,25.2
New York,2007,2,16.2
New York,2007,3,30.2
New York,2007,4,41.2
New York,2007,5,56.2
New York,2007,6,65.7
New York,2007,7,66.7
New York,2007,8,67.8
New York,2007,9,62
New York,2007,10,54.9
New York,2007,11,35.9
New York,2007,12,25.9
New York,2008,1,25.9
New York,2008,2,23.5
New York,2008,3,29.3
New York,2008,4,48.4
New York,2008,5,51.7
New York,2008,6,66.6
New York,2008,7,69.1
New York,2008,8,64.8
New York,2008,9,60.7
New York,2008,10,46.4
New York,2008,11,36.4
New York,2008,12,26.5
New York,2009,1,15
New York,2009,2,24.7
New York,2009,3,33.1
New York,2009,4,45.8
New York,2009,5,55.1
New York,2009,6,62.1
New York,2009,7,65.2
New York,2009,8,67.9
New York,2009,9,58.4
New York,2009,10,45.9
New York,2009,11,41.8
New York,2009,12,25.2
New York,2010,1,21.8
New York,2010,2,24.1
New York,2010,3,38.2
New York,2010,4,49.2
New York,2010,5,58.6
New York,2010,6,65.1
New York,2010,7,71.4
New York,2010,8,68.2
New York,2010,9,60.9
New York,2010,10,48.5
New York,2010,11,37.9
New York,2010,12,23.1
New York,2011,1,18.6
New York,2011,2,21.8
New York,2011,3,30.9
New York,2011,4,45
New York,2011,5,58
New York,2011,6,65.1
New York,2011,7,71.4
New York,2011,8,67.6
New York,2011,9,62.6
New York,2011,10,49.6
New York,2011,11,43.1
New York,2011,12,31.8
New York,2012,1,26
New York,2012,2,29.9
New York,2012,3,43.3
New York,2012,4,43.9
New York,2012,5,60.5
New York,2012,6,64.6
New York,2012,7,71.4
New York,2012,8,68.4
New York,2012,9,59.9
New York,2012,10,50.9
New York,2012,11,35.7
New York,2012,12,31.6
New York,2013,1,24.3
New York,2013,2,23.3
New York,2013,3,30.6
New York,2013,4,43.4
New York,2013,5,57.2
New York,2013,6,64
New York,2013,7,71.2
New York,2013,8,65.8
New York,2013,9,58.3
New York,2013,10,50.8
New York,2013,11,34.4
New York,2013,12,25.4
New York,2014,1,16.9
New York,2014,2,18.8
New York,2014,3,23.6
New York,2014,4,43.5
New York,2014,5,56.7
New York,2014,6,65
New York,2014,7,67.4
New York,2014,8,65.3
New York,2014,9,60.1
New York,2014,10,51.3
New York,2014,11,35.3
New York,2014,12,30.2
New York,2015,1,16.2
New York,2015,2,9.2
New York,2015,3,25.5
New York,2015,4,43.3
New York,2015,5,61
New York,2015,6,63
New York,2015,7,68.1
New York,2015,8,67.5
New York,2015,9,65
New York,2015,10,47.4
New York,2015,11,42.8
New York,2015,12,39.3
New York,2016,1,23.7
New York,2016,2,26.7
New York,2016,3,37.7
New York,2016,4,41.3
New York,2016,5,55.7
New York,2016,6,64.1
New York,2016,7,70.4
New York,2016,8,70.9
New York,2016,9,62.9
New York,2016,10,50.5
New York,2016,11,40.2
New York,2016,12,27.6
New York,2017,1,27.9
New York,2017,2,30.6
New York,2017,3,28.2
New York,2017,4,48.8
New York,2017,5,54
New York,2017,6,63.9
New York,2017,7,68.1
New York,2017,8,65.6
New York,2017,9,62.3
New York,2017,10,54.8
New York,2017,11,36.2
New York,2017,12,22.6
New York,2018,1,19.1
New York,2018,2,29.4
New York,2018,3,29.9
New York,2018,4,37.8
New York,2018,5,60
New York,2018,6,63.4
New York,2018,7,71.2
New York,2018,8,70.4
New York,2018,9,63.6
New York,2018,10,47.7
New York,2018,11,33.3
New York,2018,12,28.5
New York,2019,1,19.4
New York,2019,2,24.1
New York,2019,3,29.5
New York,2019,4,44.5
New York,2019,5,54.2
New York,2019,6,62.9
New York,2019,7,71
New York,2019,8,66.6
New York,2019,9,60.3
New York,2019,10,50.2
New York,2019,11,32.9
New York,2019,12,27.3
New York,2020,1,27.7
Oregon,2000,1,32.4
Oregon,2000,2,37.3
Oregon,2000,3,38.6
Oregon,2000,4,47.8
Oregon,2000,5,51.2
Oregon,2000,6,60.2
Oregon,2000,7,64.7
Oregon,2000,8,65.4
Oregon,2000,9,57.2
Oregon,2000,10,47.5
Oregon,2000,11,33.8
Oregon,2000,12,33.5
Oregon,2001,1,32.1
Oregon,2001,2,33.1
Oregon,2001,3,41.3
Oregon,2001,4,41.8
Oregon,2001,5,55
Oregon,2001,6,56.5
Oregon,2001,7,64.4
Oregon,2001,8,67.6
Oregon,2001,9,60.8
Oregon,2001,10,49
Oregon,2001,11,40
Oregon,2001,12,31.8
Oregon,2002,1,31.8
Oregon,2002,2,35.4
Oregon,2002,3,37
Oregon,2002,4,45
Oregon,2002,5,50.2
Oregon,2002,6,59.9
Oregon,2002,7,68.6
Oregon,2002,8,63.2
Oregon,2002,9,58.8
Oregon,2002,10,46.5
Oregon,2002,11,40.7
Oregon,2002,12,35.4
Oregon,2003,1,39
Oregon,2003,2,35
Oregon,2003,3,41.5
Oregon,2003,4,41.8
Oregon,2003,5,51.2
Oregon,2003,6,61.2
Oregon,2003,7,70.1
Oregon,2003,8,66.6
Oregon,2003,9,61
Oregon,2003,10,52.1
Oregon,2003,11,34.9
Oregon,2003,12,34.1
Oregon,2004,1,32
Oregon,2004,2,34.8
Oregon,2004,3,44.2
Oregon,2004,4,47.2
Oregon,2004,5,51
Oregon,2004,6,59.5
Oregon,2004,7,67.7
Oregon,2004,8,66.6
Oregon,2004,9,56.3
Oregon,2004,10,48.3
Oregon,2004,11,38.3
Oregon,2004,12,35.5
Oregon,2005,1,33.8
Oregon,2005,2,36.6
Oregon,2005,3,42.3
Oregon,2005,4,44
Oregon,2005,5,52.1
Oregon,2005,6,55
Oregon,2005,7,67.4
Oregon,2005,8,66.9
Oregon,2005,9,56.3
Oregon,2005,10,48.9
Oregon,2005,11,37.5
Oregon,2005,12,31.7
Oregon,2006,1,35
Oregon,2006,2,33.8
Oregon,2006,3,36.4
Oregon,2006,4,44.6
Oregon,2006,5,53.2
Oregon,2006,6,60.9
Oregon,2006,7,69.3
Oregon,2006,8,64.3
Oregon,2006,9,59.1
Oregon,2006,10,47.6
Oregon,2006,11,38.3
Oregon,2006,12,32.9
Oregon,2007,1,30.2
Oregon,2007,2,36.5
Oregon,2007,3,43.5
Oregon,2007,4,44.7
Oregon,2007,5,53.1
Oregon,2007,6,58.6
Oregon,2007,7,69.6
Oregon,2007,8,64.8
Oregon,2007,9,56.6
Oregon,2007,10,46.2
Oregon,2007,11,39.1
Oregon,2007,12,30.5
Oregon,2008,1,28.5
Oregon,2008,2,35.8
Oregon,2008,3,36.5
Oregon,2008,4,40.3
Oregon,2008,5,51.6
Oregon,2008,6,56.6
Oregon,2008,7,66.3
Oregon,2008,8,65.2
Oregon,2008,9,59.4
Oregon,2008,10,48.8
Oregon,2008,11,42.4
Oregon,2008,12,30.2
Oregon,2009,1,34.2
Oregon,2009,2,35
Oregon,2009,3,36.4
Oregon,2009,4,43.4
Oregon,2009,5,53.2
Oregon,2009,6,58.4
Oregon,2009,7,68
Oregon,2009,8,65.3
Oregon,2009,9,61.4
Oregon,2009,10,45.1
Oregon,2009,11,38.2
Oregon,2009,12,28.5
Oregon,2010,1,36.9
Oregon,2010,2,37.6
Oregon,2010,3,39.5
Oregon,2010,4,42
Oregon,2010,5,46.4
Oregon,2010,6,55.6
Oregon,2010,7,65.3
Oregon,2010,8,63.5
Oregon,2010,9,58.5
Oregon,2010,10,50
Oregon,2010,11,36.7
Oregon,2010,12,33.4
Oregon,2011,1,33.9
Oregon,2011,2,32.6
Oregon,2011,3,37.9
Oregon,2011,4,39.5
Oregon,2011,5,46.5
Oregon,2011,6,54.9
Oregon,2011,7,62.7
Oregon,2011,8,66.1
Oregon,2011,9,62.6
Oregon,2011,10,49
Oregon,2011,11,37
Oregon,2011,12,32.6
Oregon,2012,1,34.4
Oregon,2012,2,34.6
Oregon,2012,3,38.3
Oregon,2012,4,45.9
Oregon,2012,5,50.8
Oregon,2012,6,55.5
Oregon,2012,7,66.3
Oregon,2012,8,67.7
Oregon,2012,9,61.8
Oregon,2012,10,48.8
Oregon,2012,11,40.6
Oregon,2012,12,31.5
Oregon,2013,1,29.7
Oregon,2013,2,35.1
Oregon,2013,3,40.9
Oregon,2013,4,44.6
Oregon,2013,5,52.5
Oregon,2013,6,59.4
Oregon,2013,7,69.4
Oregon,2013,8,66.5
Oregon,2013,9,58.3
Oregon,2013,10,46.2
Oregon,2013,11,39.4
Oregon,2013,12,29.7
Oregon,2014,1,36.7
Oregon,2014,2,35.3
Oregon,2014,3,41.8
Oregon,2014,4,45.8
Oregon,2014,5,53.3
Oregon,2014,6,58.1
Oregon,2014,7,70
Oregon,2014,8,66.6
Oregon,2014,9,60.8
Oregon,2014,10,52.9
Oregon,2014,11,38.2
Oregon,2014,12,36
Oregon,2015,1,38.1
Oregon,2015,2,41.7
Oregon,2015,3,45.7
Oregon,2015,4,44.7
Oregon,2015,5,53.5
Oregon,2015,6,65.6
Oregon,2015,7,67.5
Oregon,2015,8,66.9
Oregon,2015,9,58.1
Oregon,2015,10,54.3
Oregon,2015,11,35.8
Oregon,2015,12,32.4
Oregon,2016,1,33.1
Oregon,2016,2,40.2
Oregon,2016,3,41.2
Oregon,2016,4,50.1
Oregon,2016,5,53.2
Oregon,2016,6,60.5
Oregon,2016,7,64.4
Oregon,2016,8,66.7
Oregon,2016,9,57.1
Oregon,2016,10,48.1
Oregon,2016,11,43.2
Oregon,2016,12,27.4
Oregon,2017,1,26.7
Oregon,2017,2,34.8
Oregon,2017,3,41.6
Oregon,2017,4,42.9
Oregon,2017,5,52.9
Oregon,2017,6,59.9
Oregon,2017,7,69.2
Oregon,2017,8,69.6
Oregon,2017,9,59.6
Oregon,2017,10,47
Oregon,2017,11,39.3
Oregon,2017,12,32.9
Oregon,2018,1,37.5
Oregon,2018,2,33.2
Oregon,2018,3,38.4
Oregon,2018,4,45
Oregon,2018,5,55.4
Oregon,2018,6,58.5
Oregon,2018,7,69
Oregon,2018,8,66.5
Oregon,2018,9,57.4
Oregon,2018,10,48.8
Oregon,2018,11,39.3
Oregon,2018,12,32.3
Oregon,2019,1,35.3
Oregon,2019,2,28.8
Oregon,2019,3,37.3
Oregon,2019,4,46
Oregon,2019,5,52.6
Oregon,2019,6,59
Oregon,2019,7,64.8
Oregon,2019,8,67.1
Oregon,2019,9,56.5
Oregon,2019,10,43.2
Oregon,2019,11,40.6
Oregon,2019,12,34.2
Oregon,2020,1,34.9
South Carolina,2000,1,43.5
South Carolina,2000,2,49.6
South Carolina,2000,3,57.8
South Carolina,2000,4,60.4
South Carolina,2000,5,73.4
South Carolina,2000,6,78.4
South Carolina,2000,7,79.8
South Carolina,2000,8,78.8
South Carolina,2000,9,72.2
South Carolina,2000,10,62.6
South Carolina,2000,11,51.8
South Carolina,2000,12,38.6
South Carolina,2001,1,43.3
South Carolina,2001,2,51.3
South Carolina,2001,3,52.3
South Carolina,2001,4,63.5
South Carolina,2001,5,70.7
South Carolina,2001,6,77
South Carolina,2001,7,78.4
South Carolina,2001,8,79.9
South Carolina,2001,9,71.2
South Carolina,2001,10,60.9
South Carolina,2001,11,59
South Carolina,2001,12,52
South Carolina,2002,1,47
South Carolina,2002,2,47.9
South Carolina,2002,3,56
South Carolina,2002,4,67.4
South Carolina,2002,5,68.6
South Carolina,2002,6,77.8
South Carolina,2002,7,81.9
South Carolina,2002,8,79.6
South Carolina,2002,9,75.8
South Carolina,2002,10,66.4
South Carolina,2002,11,51.8
South Carolina,2002,12,44.2
South Carolina,2003,1,41.5
South Carolina,2003,2,46.6
South Carolina,2003,3,57
South Carolina,2003,4,61.1
South Carolina,2003,5,70.2
South Carolina,2003,6,76
South Carolina,2003,7,79
South Carolina,2003,8,79.7
South Carolina,2003,9,72.4
South Carolina,2003,10,63.2
South Carolina,2003,11,58.6
South Carolina,2003,12,43
South Carolina,2004,1,43
South Carolina,2004,2,44.2
South Carolina,2004,3,57.2
South Carolina,2004,4,62.5
South Carolina,2004,5,74.1
South Carolina,2004,6,78.5
South Carolina,2004,7,80.3
South Carolina,2004,8,77
South Carolina,2004,9,73.2
South Carolina,2004,10,66.1
South Carolina,2004,11,56.5
South Carolina,2004,12,45.6
South Carolina,2005,1,47.6
South Carolina,2005,2,48.3
South Carolina,2005,3,52.4
South Carolina,2005,4,60.5
South Carolina,2005,5,67.5
South Carolina,2005,6,76.2
South Carolina,2005,7,81.6
South Carolina,2005,8,80.5
South Carolina,2005,9,77.1
South Carolina,2005,10,65.2
South Carolina,2005,11,55.7
South Carolina,2005,12,44.2
South Carolina,2006,1,50.6
South Carolina,2006,2,46.5
South Carolina,2006,3,54.4
South Carolina,2006,4,66
South Carolina,2006,5,68.8
South Carolina,2006,6,76.5
South Carolina,2006,7,80.5
South Carolina,2006,8,81.1
South Carolina,2006,9,72.4
South Carolina,2006,10,61.4
South Carolina,2006,11,54.2
South Carolina,2006,12,51
South Carolina,2007,1,48.4
South Carolina,2007,2,45.2
South Carolina,2007,3,58.5
South Carolina,2007,4,60.9
South Carolina,2007,5,69.1
South Carolina,2007,6,77.2
South Carolina,2007,7,78.5
South Carolina,2007,8,84
South Carolina,2007,9,75.7
South Carolina,2007,10,68.4
South Carolina,2007,11,53.6
South Carolina,2007,12,52.1
South Carolina,2008,1,43.9
South Carolina,2008,2,50.7
South Carolina,2008,3,54.7
South Carolina,2008,4,61.7
South Carolina,2008,5,69
South Carolina,2008,6,80.1
South Carolina,2008,7,79.8
South Carolina,2008,8,79.1
South Carolina,2008,9,73.8
South Carolina,2008,10,61.3
South Carolina,2008,11,50.3
South Carolina,2008,12,51
South Carolina,2009,1,44.2
South Carolina,2009,2,46.8
South Carolina,2009,3,54.1
South Carolina,2009,4,61.7
South Carolina,2009,5,70.9
South Carolina,2009,6,79.1
South Carolina,2009,7,78.9
South Carolina,2009,8,80
South Carolina,2009,9,73.8
South Carolina,2009,10,62.2
South Carolina,2009,11,55.5
South Carolina,2009,12,44.9
South Carolina,2010,1,40.7
South Carolina,2010,2,41.2
South Carolina,2010,3,52.2
South Carolina,2010,4,64.5
South Carolina,2010,5,73.2
South Carolina,2010,6,81.8
South Carolina,2010,7,82.3
South Carolina,2010,8,81.6
South Carolina,2010,9,76.6
South Carolina,2010,10,64.4
South Carolina,2010,11,54
South Carolina,2010,12,38.3
South Carolina,2011,1,40.6
South Carolina,2011,2,50.4
South Carolina,2011,3,55.8
South Carolina,2011,4,65
South Carolina,2011,5,71.3
South Carolina,2011,6,80.8
South Carolina,2011,7,82.8
South Carolina,2011,8,81.4
South Carolina,2011,9,74.1
South Carolina,2011,10,61
South Carolina,2011,11,55.3
South Carolina,2011,12,50.7
South Carolina,2012,1,48.3
South Carolina,2012,2,50.6
South Carolina,2012,3,63.2
South Carolina,2012,4,64.2
South Carolina,2012,5,72.7
South Carolina,2012,6,74.8
South Carolina,2012,7,82.8
South Carolina,2012,8,78
South Carolina,2012,9,73.6
South Carolina,2012,10,63.7
South Carolina,2012,11,50.7
South Carolina,2012,12,51.5
South Carolina,2013,1,50.2
South Carolina,2013,2,46.6
South Carolina,2013,3,48.4
South Carolina,2013,4,62.1
South Carolina,2013,5,67.9
South Carolina,2013,6,77.4
South Carolina,2013,7,78.8
South Carolina,2013,8,77.4
South Carolina,2013,9,73.5
South Carolina,2013,10,64.2
South Carolina,2013,11,51.5
South Carolina,2013,12,49.9
South Carolina,2014,1,39.7
South Carolina,2014,2,48.2
South Carolina,2014,3,50
South Carolina,2014,4,63.3
South Carolina,2014,5,71.7
South Carolina,2014,6,78.4
South Carolina,2014,7,79.2
South Carolina,2014,8,78.3
South Carolina,2014,9,74.3
South Carolina,2014,10,65
South Carolina,2014,11,49.3
South Carolina,2014,12,49.2
South Carolina,2015,1,43.8
South Carolina,2015,2,41
South Carolina,2015,3,56.4
South Carolina,2015,4,64.8
South Carolina,2015,5,71.6
South Carolina,2015,6,80.5
South Carolina,2015,7,82.2
South Carolina,2015,8,79.5
South Carolina,2015,9,74.3
South Carolina,2015,10,63.3
South Carolina,2015,11,58
South Carolina,2015,12,58.5
South Carolina,2016,1,43
South Carolina,2016,2,48
South Carolina,2016,3,60.6
South Carolina,2016,4,63.1
South Carolina,2016,5,70.1
South Carolina,2016,6,79.8
South Carolina,2016,7,83.7
South Carolina,2016,8,81.9
South Carolina,2016,9,77.1
South Carolina,2016,10,66.4
South Carolina,2016,11,55.6
South Carolina,2016,12,49
South Carolina,2017,1,51.4
South Carolina,2017,2,55.5
South Carolina,2017,3,55.5
South Carolina,2017,4,67
South Carolina,2017,5,71.5
South Carolina,2017,6,76.9
South Carolina,2017,7,81
South Carolina,2017,8,79.4
South Carolina,2017,9,74.3
South Carolina,2017,10,66.2
South Carolina,2017,11,54.3
South Carolina,2017,12,47.8
South Carolina,2018,1,40.6
South Carolina,2018,2,57.4
South Carolina,2018,3,52
South Carolina,2018,4,60
South Carolina,2018,5,73.8
South Carolina,2018,6,80.2
South Carolina,2018,7,80.2
South Carolina,2018,8,80
South Carolina,2018,9,79.4
South Carolina,2018,10,66.9
South Carolina,2018,11,51.9
South Carolina,2018,12,48.6
South Carolina,2019,1,46.7
South Carolina,2019,2,53
South Carolina,2019,3,54.1
South Carolina,2019,4,64
South Carolina,2019,5,75.4
South Carolina,2019,6,77.2
South Carolina,2019,7,81.5
South Carolina,2019,8,80.3
South Carolina,2019,9,78.2
South Carolina,2019,10,68.6
South Carolina,2019,11,50.9
South Carolina,2019,12,50.4
South Carolina,2020,1,50.3
California,2000,1,45.8
California,2000,2,47.2
California,2000,3,50.2
California,2000,4,57.8
California,2000,5,63.9
California,2000,6,72.2
California,2000,7,73.5
California,2000,8,75
California,2000,9,69.1
California,2000,10,58.4
California,2000,11,46
California,2000,12,46.5
California,2001,1,42.3
California,2001,2,43.1
California,2001,3,52.6
California,2001,4,52
California,2001,5,68.6
California,2001,6,71.4
California,2001,7,74.2
California,2001,8,76
California,2001,9,71.2
California,2001,10,63.6
California,2001,11,51.6
California,2001,12,42.8
California,2002,1,42.4
California,2002,2,48.2
California,2002,3,48.5
California,2002,4,56
California,2002,5,61.5
California,2002,6,71.2
California,2002,7,77.4
California,2002,8,74.4
California,2002,9,70.9
California,2002,10,59.4
California,2002,11,52.3
California,2002,12,44
California,2003,1,50
California,2003,2,45.7
California,2003,3,51.4
California,2003,4,50
California,2003,5,62
California,2003,6,71.2
California,2003,7,78.7
California,2003,8,75
California,2003,9,72.9
California,2003,10,65.4
California,2003,11,46.8
California,2003,12,44
California,2004,1,43.5
California,2004,2,44.2
California,2004,3,56.9
California,2004,4,57.3
California,2004,5,63.2
California,2004,6,70.4
California,2004,7,76.1
California,2004,8,74.8
California,2004,9,69.4
California,2004,10,58.2
California,2004,11,47.7
California,2004,12,44.6
California,2005,1,44.1
California,2005,2,47.1
California,2005,3,51.1
California,2005,4,53
California,2005,5,62.2
California,2005,6,66.2
California,2005,7,78.4
California,2005,8,75.8
California,2005,9,66.9
California,2005,10,59.9
California,2005,11,52.4
California,2005,12,46.1
California,2006,1,44.6
California,2006,2,47.7
California,2006,3,44
California,2006,4,53
California,2006,5,64.6
California,2006,6,73.2
California,2006,7,79.3
California,2006,8,73.8
California,2006,9,69.5
California,2006,10,58.8
California,2006,11,51.3
California,2006,12,43.9
California,2007,1,41.5
California,2007,2,46.7
California,2007,3,54.4
California,2007,4,56.3
California,2007,5,64.1
California,2007,6,70.5
California,2007,7,76.9
California,2007,8,76.1
California,2007,9,67.5
California,2007,10,58.6
California,2007,11,53.3
California,2007,12,41.2
California,2008,1,41.1
California,2008,2,45.8
California,2008,3,50.3
California,2008,4,54.4
California,2008,5,61.7
California,2008,6,71.1
California,2008,7,76.5
California,2008,8,76.6
California,2008,9,71.8
California,2008,10,61.8
California,2008,11,53.9
California,2008,12,42
California,2009,1,46.9
California,2009,2,45.2
California,2009,3,49.2
California,2009,4,54.3
California,2009,5,66.7
California,2009,6,67.5
California,2009,7,77.6
California,2009,8,74.8
California,2009,9,73
California,2009,10,58.1
California,2009,11,50.9
California,2009,12,41.8
California,2010,1,45.2
California,2010,2,46.8
California,2010,3,49
California,2010,4,50.9
California,2010,5,56.9
California,2010,6,69.1
California,2010,7,76.1
California,2010,8,73.4
California,2010,9,70.4
California,2010,10,60.5
California,2010,11,48.6
California,2010,12,45.8
California,2011,1,45.2
California,2011,2,43.4
California,2011,3,48.7
California,2011,4,53.4
California,2011,5,57.6
California,2011,6,66.9
California,2011,7,74.2
California,2011,8,75.2
California,2011,9,72.2
California,2011,10,61.4
California,2011,11,48.2
California,2011,12,42.8
California,2012,1,46.5
California,2012,2,46.5
California,2012,3,48.8
California,2012,4,55.8
California,2012,5,63.9
California,2012,6,69.3
California,2012,7,74.7
California,2012,8,77.8
California,2012,9,73.1
California,2012,10,62.2
California,2012,11,52.5
California,2012,12,43
California,2013,1,42.1
California,2013,2,45.3
California,2013,3,53.8
California,2013,4,58.2
California,2013,5,63.8
California,2013,6,72.4
California,2013,7,78
California,2013,8,74.4
California,2013,9,69.3
California,2013,10,58.5
California,2013,11,51.9
California,2013,12,44.1
California,2014,1,50.1
California,2014,2,49.8
California,2014,3,53.5
California,2014,4,57.7
California,2014,5,64.6
California,2014,6,71.9
California,2014,7,78.4
California,2014,8,74.9
California,2014,9,72.2
California,2014,10,64.4
California,2014,11,53.1
California,2014,12,46.8
California,2015,1,48.6
California,2015,2,53.2
California,2015,3,56.9
California,2015,4,56.7
California,2015,5,60.8
California,2015,6,74.4
California,2015,7,75
California,2015,8,76.5
California,2015,9,72.1
California,2015,10,65
California,2015,11,47.6
California,2015,12,42.3
California,2016,1,44.5
California,2016,2,51.8
California,2016,3,52.5
California,2016,4,57.9
California,2016,5,62.2
California,2016,6,73.5
California,2016,7,76.8
California,2016,8,76.2
California,2016,9,69.5
California,2016,10,60.5
California,2016,11,52.8
California,2016,12,43.4
California,2017,1,42.2
California,2017,2,47.3
California,2017,3,53.4
California,2017,4,55.6
California,2017,5,63.4
California,2017,6,72.8
California,2017,7,78.8
California,2017,8,77.9
California,2017,9,69.8
California,2017,10,62
California,2017,11,53.4
California,2017,12,47.5
California,2018,1,48.9
California,2018,2,46.6
California,2018,3,49
California,2018,4,57.2
California,2018,5,63
California,2018,6,71.4
California,2018,7,79.6
California,2018,8,76.4
California,2018,9,71.1
California,2018,10,60.9
California,2018,11,52.6
California,2018,12,44.8
California,2019,1,46.1
California,2019,2,40.7
California,2019,3,48.9
California,2019,4,58.2
California,2019,5,58.6
California,2019,6,71.1
California,2019,7,75.5
California,2019,8,76.8
California,2019,9,68.9
California,2019,10,58.8
California,2019,11,53
California,2019,12,44.5
California,2020,1,45.4
Texas,2000,1,50.7
Texas,2000,2,57
Texas,2000,3,61.4
Texas,2000,4,66.1
Texas,2000,5,76.9
Texas,2000,6,78.6
Texas,2000,7,84.1
Texas,2000,8,84.2
Texas,2000,9,78.1
Texas,2000,10,67.2
Texas,2000,11,51.1
Texas,2000,12,42.4
Texas,2001,1,43.9
Texas,2001,2,51.9
Texas,2001,3,53.3
Texas,2001,4,67.8
Texas,2001,5,74.1
Texas,2001,6,80.9
Texas,2001,7,85.1
Texas,2001,8,82.8
Texas,2001,9,74.9
Texas,2001,10,65.4
Texas,2001,11,58.9
Texas,2001,12,49.4
Texas,2002,1,48.7
Texas,2002,2,47.1
Texas,2002,3,55.4
Texas,2002,4,69.1
Texas,2002,5,74
Texas,2002,6,80.6
Texas,2002,7,80.9
Texas,2002,8,82.8
Texas,2002,9,76
Texas,2002,10,64.9
Texas,2002,11,53
Texas,2002,12,47.8
Texas,2003,1,46.2
Texas,2003,2,48.3
Texas,2003,3,57.2
Texas,2003,4,66.6
Texas,2003,5,75.8
Texas,2003,6,78.5
Texas,2003,7,82.1
Texas,2003,8,82.9
Texas,2003,9,73.9
Texas,2003,10,67.4
Texas,2003,11,58
Texas,2003,12,49.1
Texas,2004,1,48.9
Texas,2004,2,47.4
Texas,2004,3,61.8
Texas,2004,4,64.3
Texas,2004,5,73.7
Texas,2004,6,78.7
Texas,2004,7,80.7
Texas,2004,8,79.2
Texas,2004,9,75.2
Texas,2004,10,69.7
Texas,2004,11,55.7
Texas,2004,12,47.6
Texas,2005,1,50.7
Texas,2005,2,51.9
Texas,2005,3,56.5
Texas,2005,4,64.3
Texas,2005,5,71.8
Texas,2005,6,80.5
Texas,2005,7,82.4
Texas,2005,8,81.3
Texas,2005,9,79.9
Texas,2005,10,66.4
Texas,2005,11,58.7
Texas,2005,12,47.2
Texas,2006,1,52.9
Texas,2006,2,50.2
Texas,2006,3,61.1
Texas,2006,4,70.7
Texas,2006,5,75.7
Texas,2006,6,80.8
Texas,2006,7,83.4
Texas,2006,8,83.6
Texas,2006,9,74.1
Texas,2006,10,66.8
Texas,2006,11,57.9
Texas,2006,12,48.2
Texas,2007,1,42.5
Texas,2007,2,49.4
Texas,2007,3,61.9
Texas,2007,4,61.7
Texas,2007,5,71.4
Texas,2007,6,77.9
Texas,2007,7,79
Texas,2007,8,81.8
Texas,2007,9,77.1
Texas,2007,10,68.6
Texas,2007,11,57.6
Texas,2007,12,49.2
Texas,2008,1,46.1
Texas,2008,2,53.2
Texas,2008,3,58.4
Texas,2008,4,65.3
Texas,2008,5,74.3
Texas,2008,6,82.9
Texas,2008,7,81.7
Texas,2008,8,80.8
Texas,2008,9,73.3
Texas,2008,10,65.4
Texas,2008,11,56.8
Texas,2008,12,48.2
Texas,2009,1,47.9
Texas,2009,2,55.5
Texas,2009,3,59.5
Texas,2009,4,64.8
Texas,2009,5,73.6
Texas,2009,6,81.7
Texas,2009,7,84.1
Texas,2009,8,83.3
Texas,2009,9,74.1
Texas,2009,10,64.2
Texas,2009,11,57.3
Texas,2009,12,43.1
Texas,2010,1,44.4
Texas,2010,2,44
Texas,2010,3,54.8
Texas,2010,4,65
Texas,2010,5,73.8
Texas,2010,6,82.7
Texas,2010,7,81.4
Texas,2010,8,84.4
Texas,2010,9,77.7
Texas,2010,10,67.2
Texas,2010,11,56.6
Texas,2010,12,49.2
Texas,2011,1,45
Texas,2011,2,48.7
Texas,2011,3,61.8
Texas,2011,4,70.3
Texas,2011,5,74.1
Texas,2011,6,85.2
Texas,2011,7,87
Texas,2011,8,88.2
Texas,2011,9,77.9
Texas,2011,10,66.9
Texas,2011,11,56.9
Texas,2011,12,46.1
Texas,2012,1,50.4
Texas,2012,2,51.8
Texas,2012,3,63.2
Texas,2012,4,70.2
Texas,2012,5,75.5
Texas,2012,6,82.4
Texas,2012,7,83.4
Texas,2012,8,83.7
Texas,2012,9,76.6
Texas,2012,10,65.9
Texas,2012,11,59
Texas,2012,12,51.1
Texas,2013,1,47.9
Texas,2013,2,51.7
Texas,2013,3,57.2
Texas,2013,4,63
Texas,2013,5,72.5
Texas,2013,6,81.8
Texas,2013,7,81.3
Texas,2013,8,83.3
Texas,2013,9,78.2
Texas,2013,10,66.7
Texas,2013,11,52.9
Texas,2013,12,44.8
Texas,2014,1,44.5
Texas,2014,2,48.4
Texas,2014,3,54.8
Texas,2014,4,65.4
Texas,2014,5,72
Texas,2014,6,80.6
Texas,2014,7,81.7
Texas,2014,8,82.6
Texas,2014,9,76.4
Texas,2014,10,69.6
Texas,2014,11,51.5
Texas,2014,12,50.7
Texas,2015,1,44
Texas,2015,2,48.2
Texas,2015,3,56.2
Texas,2015,4,66.6
Texas,2015,5,71.6
Texas,2015,6,79.3
Texas,2015,7,83.2
Texas,2015,8,83.3
Texas,2015,9,79.2
Texas,2015,10,69.2
Texas,2015,11,57.3
Texas,2015,12,51.5
Texas,2016,1,46.4
Texas,2016,2,54.4
Texas,2016,3,61.2
Texas,2016,4,66.1
Texas,2016,5,71.6
Texas,2016,6,80.1
Texas,2016,7,85.4
Texas,2016,8,81.5
Texas,2016,9,77.6
Texas,2016,10,70.9
Texas,2016,11,61
Texas,2016,12,49.6
Texas,2017,1,50.8
Texas,2017,2,58.4
Texas,2017,3,63.6
Texas,2017,4,67.1
Texas,2017,5,72
Texas,2017,6,80.6
Texas,2017,7,83.6
Texas,2017,8,80.6
Texas,2017,9,76.5
Texas,2017,10,66.5
Texas,2017,11,60.3
Texas,2017,12,47.8
Texas,2018,1,43.8
Texas,2018,2,52.3
Texas,2018,3,61.7
Texas,2018,4,63
Texas,2018,5,78
Texas,2018,6,83.9
Texas,2018,7,84.5
Texas,2018,8,83
Texas,2018,9,76.2
Texas,2018,10,65.4
Texas,2018,11,51.9
Texas,2018,12,48.3
Texas,2019,1,47.2
Texas,2019,2,51.9
Texas,2019,3,55.7
Texas,2019,4,65
Texas,2019,5,72.5
Texas,2019,6,79
Texas,2019,7,82.7
Texas,2019,8,85.8
Texas,2019,9,81.5
Texas,2019,10,65.2
Texas,2019,11,53.2
Texas,2019,12,50.6
Texas,2020,1,50.7
Utah,2000,1,31.9
Utah,2000,2,36
Utah,2000,3,38.8
Utah,2000,4,51
Utah,2000,5,59.3
Utah,2000,6,67.3
Utah,2000,7,74
Utah,2000,8,73
Utah,2000,9,62
Utah,2000,10,49.1
Utah,2000,11,29.8
Utah,2000,12,30.4
Utah,2001,1,26.3
Utah,2001,2,31.7
Utah,2001,3,41.4
Utah,2001,4,47
Utah,2001,5,59.3
Utah,2001,6,67.1
Utah,2001,7,72.9
Utah,2001,8,72.4
Utah,2001,9,65.2
Utah,2001,10,52.2
Utah,2001,11,39.3
Utah,2001,12,25
Utah,2002,1,26.1
Utah,2002,2,29
Utah,2002,3,36
Utah,2002,4,49.7
Utah,2002,5,56.3
Utah,2002,6,68.7
Utah,2002,7,76.2
Utah,2002,8,70.7
Utah,2002,9,61
Utah,2002,10,47
Utah,2002,11,35.9
Utah,2002,12,29.3
Utah,2003,1,35.2
Utah,2003,2,31
Utah,2003,3,40.3
Utah,2003,4,45.8
Utah,2003,5,57.4
Utah,2003,6,66
Utah,2003,7,77.2
Utah,2003,8,72.7
Utah,2003,9,62.2
Utah,2003,10,55
Utah,2003,11,34.1
Utah,2003,12,30.3
Utah,2004,1,24.2
Utah,2004,2,27.8
Utah,2004,3,45.6
Utah,2004,4,48
Utah,2004,5,57
Utah,2004,6,66.1
Utah,2004,7,72.2
Utah,2004,8,68.6
Utah,2004,9,60.2
Utah,2004,10,48.9
Utah,2004,11,35.7
Utah,2004,12,30.1
Utah,2005,1,32.6
Utah,2005,2,33.5
Utah,2005,3,39
Utah,2005,4,45.9
Utah,2005,5,56
Utah,2005,6,61.8
Utah,2005,7,74.8
Utah,2005,8,69
Utah,2005,9,60.8
Utah,2005,10,50.4
Utah,2005,11,39
Utah,2005,12,29.2
Utah,2006,1,29.9
Utah,2006,2,31.5
Utah,2006,3,36.3
Utah,2006,4,48.4
Utah,2006,5,58.9
Utah,2006,6,68.8
Utah,2006,7,75
Utah,2006,8,69.7
Utah,2006,9,58.1
Utah,2006,10,47.3
Utah,2006,11,38.2
Utah,2006,12,27.9
Utah,2007,1,22.4
Utah,2007,2,34.3
Utah,2007,3,43
Utah,2007,4,48.3
Utah,2007,5,57.7
Utah,2007,6,68.2
Utah,2007,7,76.2
Utah,2007,8,72.8
Utah,2007,9,61.7
Utah,2007,10,48.9
Utah,2007,11,40.6
Utah,2007,12,24.6
Utah,2008,1,22.8
Utah,2008,2,30.5
Utah,2008,3,37.2
Utah,2008,4,43.1
Utah,2008,5,52.8
Utah,2008,6,65
Utah,2008,7,74.1
Utah,2008,8,71.6
Utah,2008,9,61.9
Utah,2008,10,50.4
Utah,2008,11,40.9
Utah,2008,12,27
Utah,2009,1,29.5
Utah,2009,2,33.1
Utah,2009,3,39.2
Utah,2009,4,45.3
Utah,2009,5,58.7
Utah,2009,6,62
Utah,2009,7,73.2
Utah,2009,8,69.7
Utah,2009,9,64.3
Utah,2009,10,45.7
Utah,2009,11,39
Utah,2009,12,21.6
Utah,2010,1,27
Utah,2010,2,29.9
Utah,2010,3,38
Utah,2010,4,44.7
Utah,2010,5,50.2
Utah,2010,6,65.4
Utah,2010,7,73.1
Utah,2010,8,69.3
Utah,2010,9,63.8
Utah,2010,10,51.1
Utah,2010,11,34.8
Utah,2010,12,32.5
Utah,2011,1,25.4
Utah,2011,2,28.6
Utah,2011,3,39.4
Utah,2011,4,43.5
Utah,2011,5,50.8
Utah,2011,6,63.3
Utah,2011,7,71.8
Utah,2011,8,72.5
Utah,2011,9,63.2
Utah,2011,10,50
Utah,2011,11,36
Utah,2011,12,26.8
Utah,2012,1,31
Utah,2012,2,31.7
Utah,2012,3,42.6
Utah,2012,4,49.6
Utah,2012,5,58
Utah,2012,6,68.7
Utah,2012,7,73.2
Utah,2012,8,73
Utah,2012,9,63.6
Utah,2012,10,50.9
Utah,2012,11,41.2
Utah,2012,12,27.8
Utah,2013,1,19.7
Utah,2013,2,27.6
Utah,2013,3,41
Utah,2013,4,45
Utah,2013,5,56
Utah,2013,6,69.2
Utah,2013,7,74.6
Utah,2013,8,71
Utah,2013,9,61.4
Utah,2013,10,46.4
Utah,2013,11,38
Utah,2013,12,23.1
Utah,2014,1,30.4
Utah,2014,2,35.7
Utah,2014,3,41
Utah,2014,4,46.7
Utah,2014,5,56.5
Utah,2014,6,66
Utah,2014,7,74.6
Utah,2014,8,67.7
Utah,2014,9,64.2
Utah,2014,10,53.1
Utah,2014,11,37.7
Utah,2014,12,31.7
Utah,2015,1,32.1
Utah,2015,2,38.9
Utah,2015,3,44.9
Utah,2015,4,47.1
Utah,2015,5,53.8
Utah,2015,6,70
Utah,2015,7,70.1
Utah,2015,8,71
Utah,2015,9,65.5
Utah,2015,10,54.3
Utah,2015,11,34.5
Utah,2015,12,26.6
Utah,2016,1,26.6
Utah,2016,2,33.7
Utah,2016,3,42.2
Utah,2016,4,47.9
Utah,2016,5,54.4
Utah,2016,6,70.9
Utah,2016,7,73.7
Utah,2016,8,70.1
Utah,2016,9,61.1
Utah,2016,10,53.2
Utah,2016,11,41.6
Utah,2016,12,27.4
Utah,2017,1,25.9
Utah,2017,2,36.5
Utah,2017,3,45.3
Utah,2017,4,46
Utah,2017,5,55.6
Utah,2017,6,69.5
Utah,2017,7,75
Utah,2017,8,71.6
Utah,2017,9,60.7
Utah,2017,10,48.1
Utah,2017,11,43
Utah,2017,12,31.4
Utah,2018,1,32.8
Utah,2018,2,32.2
Utah,2018,3,39.2
Utah,2018,4,49
Utah,2018,5,58.3
Utah,2018,6,69.1
Utah,2018,7,76.1
Utah,2018,8,72.4
Utah,2018,9,65.8
Utah,2018,10,47.5
Utah,2018,11,35
Utah,2018,12,27.4
Utah,2019,1,27
Utah,2019,2,27.1
Utah,2019,3,38.1
Utah,2019,4,48.6
Utah,2019,5,50.5
Utah,2019,6,63.6
Utah,2019,7,73.3
Utah,2019,8,72.8
Utah,2019,9,63.1
Utah,2019,10,42.9
Utah,2019,11,38.4
Utah,2019,12,28.8
Utah,2020,1,28.6
Wisconsin,2000,1,15.1
Wisconsin,2000,2,25.3
Wisconsin,2000,3,38.4
Wisconsin,2000,4,42.9
Wisconsin,2000,5,57.1
Wisconsin,2000,6,62.8
Wisconsin,2000,7,67.6
Wisconsin,2000,8,67.6
Wisconsin,2000,9,58.1
Wisconsin,2000,10,50.5
Wisconsin,2000,11,32.4
Wisconsin,2000,12,8.6
Wisconsin,2001,1,19.1
Wisconsin,2001,2,14.8
Wisconsin,2001,3,28
Wisconsin,2001,4,46.8
Wisconsin,2001,5,57
Wisconsin,2001,6,64.4
Wisconsin,2001,7,70
Wisconsin,2001,8,69.7
Wisconsin,2001,9,57.3
Wisconsin,2001,10,46.1
Wisconsin,2001,11,43.2
Wisconsin,2001,12,27.5
Wisconsin,2002,1,24
Wisconsin,2002,2,26.7
Wisconsin,2002,3,24.8
Wisconsin,2002,4,42.9
Wisconsin,2002,5,50.8
Wisconsin,2002,6,66.4
Wisconsin,2002,7,72.7
Wisconsin,2002,8,67.4
Wisconsin,2002,9,61.6
Wisconsin,2002,10,42.1
Wisconsin,2002,11,31.4
Wisconsin,2002,12,24.2
Wisconsin,2003,1,13.7
Wisconsin,2003,2,13.7
Wisconsin,2003,3,29.1
Wisconsin,2003,4,42.6
Wisconsin,2003,5,53.8
Wisconsin,2003,6,63.1
Wisconsin,2003,7,68.4
Wisconsin,2003,8,70.1
Wisconsin,2003,9,59.4
Wisconsin,2003,10,46.8
Wisconsin,2003,11,32.9
Wisconsin,2003,12,24.8
Wisconsin,2004,1,10.7
Wisconsin,2004,2,20.8
Wisconsin,2004,3,33.6
Wisconsin,2004,4,44.6
Wisconsin,2004,5,53.1
Wisconsin,2004,6,62
Wisconsin,2004,7,66.8
Wisconsin,2004,8,62.2
Wisconsin,2004,9,63.1
Wisconsin,2004,10,48.2
Wisconsin,2004,11,36.7
Wisconsin,2004,12,20.4
Wisconsin,2005,1,14.2
Wisconsin,2005,2,24.8
Wisconsin,2005,3,27.4
Wisconsin,2005,4,47.7
Wisconsin,2005,5,52.7
Wisconsin,2005,6,69.4
Wisconsin,2005,7,70.7
Wisconsin,2005,8,68.2
Wisconsin,2005,9,63.3
Wisconsin,2005,10,49.6
Wisconsin,2005,11,34.5
Wisconsin,2005,12,18.3
Wisconsin,2006,1,27.7
Wisconsin,2006,2,18.4
Wisconsin,2006,3,31.6
Wisconsin,2006,4,49
Wisconsin,2006,5,56.5
Wisconsin,2006,6,65.1
Wisconsin,2006,7,72.8
Wisconsin,2006,8,68
Wisconsin,2006,9,56.4
Wisconsin,2006,10,42.8
Wisconsin,2006,11,36.4
Wisconsin,2006,12,27.2
Wisconsin,2007,1,20.3
Wisconsin,2007,2,11.7
Wisconsin,2007,3,34.6
Wisconsin,2007,4,42.8
Wisconsin,2007,5,59.1
Wisconsin,2007,6,66.9
Wisconsin,2007,7,69.5
Wisconsin,2007,8,68.4
Wisconsin,2007,9,61.1
Wisconsin,2007,10,52.6
Wisconsin,2007,11,32.8
Wisconsin,2007,12,17.1
Wisconsin,2008,1,14.7
Wisconsin,2008,2,13.2
Wisconsin,2008,3,25.4
Wisconsin,2008,4,42.9
Wisconsin,2008,5,52
Wisconsin,2008,6,64.4
Wisconsin,2008,7,69
Wisconsin,2008,8,66.5
Wisconsin,2008,9,60.5
Wisconsin,2008,10,46.7
Wisconsin,2008,11,33.3
Wisconsin,2008,12,12.7
Wisconsin,2009,1,6.1
Wisconsin,2009,2,20.4
Wisconsin,2009,3,30.1
Wisconsin,2009,4,43
Wisconsin,2009,5,55.1
Wisconsin,2009,6,63.6
Wisconsin,2009,7,63.7
Wisconsin,2009,8,64.8
Wisconsin,2009,9,61.4
Wisconsin,2009,10,42.2
Wisconsin,2009,11,40
Wisconsin,2009,12,18.2
Wisconsin,2010,1,15.1
Wisconsin,2010,2,20
Wisconsin,2010,3,37.4
Wisconsin,2010,4,50
Wisconsin,2010,5,57.6
Wisconsin,2010,6,65.1
Wisconsin,2010,7,71.4
Wisconsin,2010,8,70.8
Wisconsin,2010,9,56.9
Wisconsin,2010,10,49.5
Wisconsin,2010,11,34.9
Wisconsin,2010,12,16.9
Wisconsin,2011,1,12.2
Wisconsin,2011,2,18.5
Wisconsin,2011,3,28
Wisconsin,2011,4,41.7
Wisconsin,2011,5,54
Wisconsin,2011,6,64.3
Wisconsin,2011,7,73.2
Wisconsin,2011,8,68.2
Wisconsin,2011,9,57.3
Wisconsin,2011,10,49.8
Wisconsin,2011,11,36.7
Wisconsin,2011,12,25.7
Wisconsin,2012,1,20.8
Wisconsin,2012,2,26.6
Wisconsin,2012,3,45.6
Wisconsin,2012,4,45.1
Wisconsin,2012,5,59.6
Wisconsin,2012,6,67.1
Wisconsin,2012,7,74.8
Wisconsin,2012,8,67.1
Wisconsin,2012,9,57.7
Wisconsin,2012,10,44.8
Wisconsin,2012,11,34.4
Wisconsin,2012,12,25.1
Wisconsin,2013,1,16.8
Wisconsin,2013,2,17
Wisconsin,2013,3,23.9
Wisconsin,2013,4,37.8
Wisconsin,2013,5,55.2
Wisconsin,2013,6,63.9
Wisconsin,2013,7,68.9
Wisconsin,2013,8,67.6
Wisconsin,2013,9,60.8
Wisconsin,2013,10,46.7
Wisconsin,2013,11,30.8
Wisconsin,2013,12,11.9
Wisconsin,2014,1,6
Wisconsin,2014,2,7.3
Wisconsin,2014,3,21.4
Wisconsin,2014,4,39.7
Wisconsin,2014,5,55.3
Wisconsin,2014,6,66.4
Wisconsin,2014,7,65.9
Wisconsin,2014,8,67.1
Wisconsin,2014,9,58.2
Wisconsin,2014,10,46
Wisconsin,2014,11,25.3
Wisconsin,2014,12,24.1
Wisconsin,2015,1,15.3
Wisconsin,2015,2,7.6
Wisconsin,2015,3,30.7
Wisconsin,2015,4,45
Wisconsin,2015,5,56.6
Wisconsin,2015,6,63.8
Wisconsin,2015,7,68.4
Wisconsin,2015,8,66.1
Wisconsin,2015,9,64.7
Wisconsin,2015,10,48.4
Wisconsin,2015,11,39.4
Wisconsin,2015,12,31.8
Wisconsin,2016,1,16.2
Wisconsin,2016,2,22.6
Wisconsin,2016,3,36.8
Wisconsin,2016,4,42.9
Wisconsin,2016,5,56.1
Wisconsin,2016,6,65.8
Wisconsin,2016,7,69.9
Wisconsin,2016,8,69.5
Wisconsin,2016,9,62.6
Wisconsin,2016,10,50.4
Wisconsin,2016,11,41.6
Wisconsin,2016,12,19.9
Wisconsin,2017,1,19.4
Wisconsin,2017,2,27.8
Wisconsin,2017,3,30.2
Wisconsin,2017,4,46.4
Wisconsin,2017,5,53.3
Wisconsin,2017,6,65.6
Wisconsin,2017,7,68.8
Wisconsin,2017,8,64.2
Wisconsin,2017,9,62.2
Wisconsin,2017,10,50
Wisconsin,2017,11,31.4
Wisconsin,2017,12,17.3
Wisconsin,2018,1,15.2
Wisconsin,2018,2,16.1
Wisconsin,2018,3,29.7
Wisconsin,2018,4,33.5
Wisconsin,2018,5,62
Wisconsin,2018,6,66.5
Wisconsin,2018,7,69.8
Wisconsin,2018,8,68.5
Wisconsin,2018,9,61.2
Wisconsin,2018,10,43.6
Wisconsin,2018,11,27.3
Wisconsin,2018,12,25.1
Wisconsin,2019,1,13.1
Wisconsin,2019,2,13.4
Wisconsin,2019,3,25.7
Wisconsin,2019,4,42.4
Wisconsin,2019,5,51.8
Wisconsin,2019,6,63.6
Wisconsin,2019,7,71.3
Wisconsin,2019,8,65.6
Wisconsin,2019,9,62
Wisconsin,2019,10,45
Wisconsin,2019,11,28.2
Wisconsin,2019,12,23.5
Wisconsin,2020,1,21.6
Florida,2000,1,58.4
Florida,2000,2,60.5
Florida,2000,3,67.6
Florida,2000,4,68.1
Florida,2000,5,77.3
Florida,2000,6,80.5
Florida,2000,7,82.3
Florida,2000,8,81.7
Florida,2000,9,79.5
Florida,2000,10,70.9
Florida,2000,11,63.4
Florida,2000,12,56.7
Florida,2001,1,53
Florida,2001,2,65.2
Florida,2001,3,64.3
Florida,2001,4,70
Florida,2001,5,74.9
Florida,2001,6,80.1
Florida,2001,7,81.3
Florida,2001,8,81.4
Florida,2001,9,77.6
Florida,2001,10,71.6
Florida,2001,11,67.7
Florida,2001,12,64.1
Florida,2002,1,59.3
Florida,2002,2,59.5
Florida,2002,3,66.6
Florida,2002,4,73.6
Florida,2002,5,76.7
Florida,2002,6,79.6
Florida,2002,7,81.5
Florida,2002,8,81.1
Florida,2002,9,81
Florida,2002,10,76.2
Florida,2002,11,63.1
Florida,2002,12,57.3
Florida,2003,1,52.2
Florida,2003,2,61.2
Florida,2003,3,69.8
Florida,2003,4,69.4
Florida,2003,5,78.1
Florida,2003,6,80.1
Florida,2003,7,81.4
Florida,2003,8,81.1
Florida,2003,9,78.9
Florida,2003,10,73.5
Florida,2003,11,68.6
Florida,2003,12,56.1
Florida,2004,1,56.8
Florida,2004,2,59.3
Florida,2004,3,65.7
Florida,2004,4,67.4
Florida,2004,5,76.3
Florida,2004,6,81.3
Florida,2004,7,81.8
Florida,2004,8,81.4
Florida,2004,9,79.9
Florida,2004,10,74.5
Florida,2004,11,67.4
Florida,2004,12,58
Florida,2005,1,60
Florida,2005,2,60.8
Florida,2005,3,63
Florida,2005,4,66.7
Florida,2005,5,74.4
Florida,2005,6,79.9
Florida,2005,7,83.3
Florida,2005,8,83.2
Florida,2005,9,80.8
Florida,2005,10,73.6
Florida,2005,11,67.3
Florida,2005,12,57
Florida,2006,1,60.8
Florida,2006,2,58.3
Florida,2006,3,64.8
Florida,2006,4,72.4
Florida,2006,5,75.7
Florida,2006,6,80.5
Florida,2006,7,82
Florida,2006,8,82.8
Florida,2006,9,79.3
Florida,2006,10,72.1
Florida,2006,11,63.4
Florida,2006,12,64.2
Florida,2007,1,61.3
Florida,2007,2,58.1
Florida,2007,3,66.3
Florida,2007,4,68.4
Florida,2007,5,74.9
Florida,2007,6,80
Florida,2007,7,82.4
Florida,2007,8,83.7
Florida,2007,9,80.5
Florida,2007,10,76.2
Florida,2007,11,64.8
Florida,2007,12,64.4
Florida,2008,1,58.3
Florida,2008,2,63
Florida,2008,3,64.7
Florida,2008,4,69.5
Florida,2008,5,76.4
Florida,2008,6,80.9
Florida,2008,7,81.2
Florida,2008,8,81.3
Florida,2008,9,79.7
Florida,2008,10,71.4
Florida,2008,11,61.5
Florida,2008,12,62
Florida,2009,1,57.2
Florida,2009,2,57.3
Florida,2009,3,65.3
Florida,2009,4,69.6
Florida,2009,5,76.6
Florida,2009,6,81.9
Florida,2009,7,81.7
Florida,2009,8,82.1
Florida,2009,9,80.5
Florida,2009,10,75.3
Florida,2009,11,66
Florida,2009,12,60.4
Florida,2010,1,52.5
Florida,2010,2,52.6
Florida,2010,3,59
Florida,2010,4,69.7
Florida,2010,5,78.5
Florida,2010,6,83.1
Florida,2010,7,83.4
Florida,2010,8,83.5
Florida,2010,9,80.9
Florida,2010,10,72.1
Florida,2010,11,64.9
Florida,2010,12,50.1
Florida,2011,1,54.9
Florida,2011,2,61.8
Florida,2011,3,66.5
Florida,2011,4,73
Florida,2011,5,76.2
Florida,2011,6,82.1
Florida,2011,7,82.6
Florida,2011,8,83.7
Florida,2011,9,79.7
Florida,2011,10,70.5
Florida,2011,11,66.4
Florida,2011,12,62.8
Florida,2012,1,59.3
Florida,2012,2,64.3
Florida,2012,3,70.3
Florida,2012,4,71.2
Florida,2012,5,77.6
Florida,2012,6,79.3
Florida,2012,7,82.4
Florida,2012,8,81.5
Florida,2012,9,79.5
Florida,2012,10,73.2
Florida,2012,11,62.1
Florida,2012,12,62
Florida,2013,1,64
Florida,2013,2,61.8
Florida,2013,3,59.1
Florida,2013,4,71.4
Florida,2013,5,74
Florida,2013,6,81.1
Florida,2013,7,80.8
Florida,2013,8,82.2
Florida,2013,9,80
Florida,2013,10,74
Florida,2013,11,67.1
Florida,2013,12,64.7
Florida,2014,1,54.5
Florida,2014,2,62.8
Florida,2014,3,63.5
Florida,2014,4,70.5
Florida,2014,5,76
Florida,2014,6,80.3
Florida,2014,7,81.8
Florida,2014,8,82.9
Florida,2014,9,79.7
Florida,2014,10,72.7
Florida,2014,11,61.1
Florida,2014,12,61.9
Florida,2015,1,58.6
Florida,2015,2,56.5
Florida,2015,3,69.5
Florida,2015,4,75.1
Florida,2015,5,77.5
Florida,2015,6,81.7
Florida,2015,7,82.8
Florida,2015,8,82.4
Florida,2015,9,80
Florida,2015,10,74.4
Florida,2015,11,72.2
Florida,2015,12,69.6
Florida,2016,1,56.9
Florida,2016,2,59.4
Florida,2016,3,68.8
Florida,2016,4,71.2
Florida,2016,5,76.2
Florida,2016,6,81.9
Florida,2016,7,84
Florida,2016,8,83
Florida,2016,9,81.1
Florida,2016,10,74.6
Florida,2016,11,66.6
Florida,2016,12,65.9
Florida,2017,1,62.8
Florida,2017,2,65.5
Florida,2017,3,66.2
Florida,2017,4,72.3
Florida,2017,5,77.1
Florida,2017,6,80.2
Florida,2017,7,82.8
Florida,2017,8,82.8
Florida,2017,9,80.4
Florida,2017,10,74.9
Florida,2017,11,67.4
Florida,2017,12,61.7
Florida,2018,1,55
Florida,2018,2,69.2
Florida,2018,3,63
Florida,2018,4,70.2
Florida,2018,5,76.4
Florida,2018,6,81.5
Florida,2018,7,82.4
Florida,2018,8,82.2
Florida,2018,9,82.4
Florida,2018,10,76.5
Florida,2018,11,66.7
Florida,2018,12,61.8
Florida,2019,1,58.4
Florida,2019,2,67.4
Florida,2019,3,65.7
Florida,2019,4,71.2
Florida,2019,5,78.8
Florida,2019,6,82.3
Florida,2019,7,82.7
Florida,2019,8,82.8
Florida,2019,9,81.9
Florida,2019,10,77.8
Florida,2019,11,65
Florida,2019,12,63.7
Florida,2020,1,61.6
Georgia,2000,1,46.2
Georgia,2000,2,51.6
Georgia,2000,3,59.1
Georgia,2000,4,60.6
Georgia,2000,5,73.9
Georgia,2000,6,78
Georgia,2000,7,80.8
Georgia,2000,8,79.5
Georgia,2000,9,72.6
Georgia,2000,10,63.7
Georgia,2000,11,53.6
Georgia,2000,12,40.6
Georgia,2001,1,43.3
Georgia,2001,2,53.6
Georgia,2001,3,53.8
Georgia,2001,4,64.2
Georgia,2001,5,70.8
Georgia,2001,6,76.4
Georgia,2001,7,79.3
Georgia,2001,8,79.3
Georgia,2001,9,72.1
Georgia,2001,10,61.7
Georgia,2001,11,59.9
Georgia,2001,12,52.9
Georgia,2002,1,48.1
Georgia,2002,2,48.4
Georgia,2002,3,56.9
Georgia,2002,4,67.9
Georgia,2002,5,70.2
Georgia,2002,6,77.4
Georgia,2002,7,80.8
Georgia,2002,8,79.6
Georgia,2002,9,76.8
Georgia,2002,10,68.2
Georgia,2002,11,52.3
Georgia,2002,12,45.7
Georgia,2003,1,42.3
Georgia,2003,2,48.9
Georgia,2003,3,59
Georgia,2003,4,62.7
Georgia,2003,5,71.7
Georgia,2003,6,76.1
Georgia,2003,7,78.7
Georgia,2003,8,79.2
Georgia,2003,9,73.1
Georgia,2003,10,64.4
Georgia,2003,11,59.4
Georgia,2003,12,44.3
Georgia,2004,1,45
Georgia,2004,2,46.1
Georgia,2004,3,59
Georgia,2004,4,62.2
Georgia,2004,5,73.6
Georgia,2004,6,78.1
Georgia,2004,7,80.1
Georgia,2004,8,77.6
Georgia,2004,9,73.6
Georgia,2004,10,67.7
Georgia,2004,11,57.9
Georgia,2004,12,46.8
Georgia,2005,1,49.5
Georgia,2005,2,50.9
Georgia,2005,3,53.7
Georgia,2005,4,60.7
Georgia,2005,5,68.3
Georgia,2005,6,76.6
Georgia,2005,7,80.9
Georgia,2005,8,80.3
Georgia,2005,9,77
Georgia,2005,10,65.8
Georgia,2005,11,57
Georgia,2005,12,44.8
Georgia,2006,1,51.8
Georgia,2006,2,47.4
Georgia,2006,3,56.1
Georgia,2006,4,67
Georgia,2006,5,70.4
Georgia,2006,6,77.4
Georgia,2006,7,81
Georgia,2006,8,81.6
Georgia,2006,9,73.3
Georgia,2006,10,62.5
Georgia,2006,11,54.2
Georgia,2006,12,51.9
Georgia,2007,1,49.2
Georgia,2007,2,46.7
Georgia,2007,3,60
Georgia,2007,4,60.9
Georgia,2007,5,70.5
Georgia,2007,6,77.7
Georgia,2007,7,78.9
Georgia,2007,8,83.2
Georgia,2007,9,75.8
Georgia,2007,10,67.8
Georgia,2007,11,54
Georgia,2007,12,52.9
Georgia,2008,1,45
Georgia,2008,2,50.8
Georgia,2008,3,55.4
Georgia,2008,4,62.6
Georgia,2008,5,70.3
Georgia,2008,6,79.4
Georgia,2008,7,79.7
Georgia,2008,8,78.9
Georgia,2008,9,74.6
Georgia,2008,10,62.4
Georgia,2008,11,51.4
Georgia,2008,12,51.7
Georgia,2009,1,46.3
Georgia,2009,2,47.7
Georgia,2009,3,56.4
Georgia,2009,4,61.8
Georgia,2009,5,71.3
Georgia,2009,6,79.8
Georgia,2009,7,78.5
Georgia,2009,8,78.8
Georgia,2009,9,74.5
Georgia,2009,10,64.1
Georgia,2009,11,55.6
Georgia,2009,12,46.2
Georgia,2010,1,41.8
Georgia,2010,2,42.1
Georgia,2010,3,52.1
Georgia,2010,4,64.5
Georgia,2010,5,73.6
Georgia,2010,6,81
Georgia,2010,7,82.2
Georgia,2010,8,82.2
Georgia,2010,9,76.5
Georgia,2010,10,64.8
Georgia,2010,11,54.8
Georgia,2010,12,39.9
Georgia,2011,1,41.8
Georgia,2011,2,51.1
Georgia,2011,3,57.8
Georgia,2011,4,65.8
Georgia,2011,5,71.3
Georgia,2011,6,81.1
Georgia,2011,7,81.9
Georgia,2011,8,82.2
Georgia,2011,9,73.6
Georgia,2011,10,61.6
Georgia,2011,11,56.2
Georgia,2011,12,51.3
Georgia,2012,1,50
Georgia,2012,2,52.8
Georgia,2012,3,64.8
Georgia,2012,4,65.6
Georgia,2012,5,73.5
Georgia,2012,6,75.6
Georgia,2012,7,82.2
Georgia,2012,8,78.1
Georgia,2012,9,74
Georgia,2012,10,64.7
Georgia,2012,11,52.6
Georgia,2012,12,52.1
Georgia,2013,1,52.5
Georgia,2013,2,48.8
Georgia,2013,3,50.2
Georgia,2013,4,62.9
Georgia,2013,5,68.4
Georgia,2013,6,77.8
Georgia,2013,7,78.2
Georgia,2013,8,78
Georgia,2013,9,74.5
Georgia,2013,10,65
Georgia,2013,11,53.2
Georgia,2013,12,51.2
Georgia,2014,1,40
Georgia,2014,2,49.8
Georgia,2014,3,52.9
Georgia,2014,4,63.1
Georgia,2014,5,71.2
Georgia,2014,6,78.3
Georgia,2014,7,78.9
Georgia,2014,8,79.2
Georgia,2014,9,75.5
Georgia,2014,10,65.6
Georgia,2014,11,49.8
Georgia,2014,12,51.3
Georgia,2015,1,44.9
Georgia,2015,2,43.2
Georgia,2015,3,58.8
Georgia,2015,4,66.8
Georgia,2015,5,72.4
Georgia,2015,6,79.3
Georgia,2015,7,81.5
Georgia,2015,8,79.5
Georgia,2015,9,73.8
Georgia,2015,10,64.8
Georgia,2015,11,59.8
Georgia,2015,12,58.9
Georgia,2016,1,44.4
Georgia,2016,2,50
Georgia,2016,3,60.9
Georgia,2016,4,63.9
Georgia,2016,5,70.8
Georgia,2016,6,79.7
Georgia,2016,7,82.8
Georgia,2016,8,81.6
Georgia,2016,9,77.5
Georgia,2016,10,67.8
Georgia,2016,11,58
Georgia,2016,12,52.1
Georgia,2017,1,53.2
Georgia,2017,2,56.5
Georgia,2017,3,58
Georgia,2017,4,67.5
Georgia,2017,5,71.4
Georgia,2017,6,76.6
Georgia,2017,7,80.6
Georgia,2017,8,79.4
Georgia,2017,9,74
Georgia,2017,10,67
Georgia,2017,11,56.4
Georgia,2017,12,49.3
Georgia,2018,1,42.5
Georgia,2018,2,59.2
Georgia,2018,3,54.5
Georgia,2018,4,60.6
Georgia,2018,5,73.7
Georgia,2018,6,79.3
Georgia,2018,7,80.2
Georgia,2018,8,79.4
Georgia,2018,9,79.8
Georgia,2018,10,68.4
Georgia,2018,11,53.2
Georgia,2018,12,50.2
Georgia,2019,1,48.1
Georgia,2019,2,56
Georgia,2019,3,56.2
Georgia,2019,4,64.6
Georgia,2019,5,75.7
Georgia,2019,6,78.1
Georgia,2019,7,81
Georgia,2019,8,80.7
Georgia,2019,9,79.1
Georgia,2019,10,69.7
Georgia,2019,11,52.8
Georgia,2019,12,52.2
Georgia,2020,1,51.4
